1.5mv2g,netload,uncontrolled,Pmax,netload,uncontrolled,pmin,netload,uncontrolled,rampup,netload,uncontrolled,rampdown,,,1.5mv1g,netload,uncontrolled,pamx,netload,uncontrolled,pmin,netload,uncontrolled,rampup,netload,uncontrolled,rampdown
0,32454031.86,33474909.23,33730128.58,18334674.4,19355551.78,19192314.04,18338248.52,19359125.9,19528916.2,23473274.82,24494152.19,23137250.33,,,,32454031.86,33474909.23,33730128.58,18334674.4,19355551.78,18334674.4,18338248.52,19359125.9,19501551.2,23473274.82,24494152.19,23473274.82
1,32183433.63,33204311.01,33459530.35,18138409.64,19159287.02,19192314.04,18235764.83,19256642.21,19507350.02,23083414.11,24104291.49,23115199.19,,,,32183433.63,33204311.01,33459530.35,18138409.64,19159287.02,18330356.85,18235764.83,19256642.21,19489106.69,23083414.11,24104291.49,23369255.85
2,31901853.21,32922730.58,33177949.93,17904289.35,18925166.73,19180386.07,18188120.94,19208998.31,19464217.66,22761079.14,23781956.52,23071096.91,,,,31901853.21,32922730.58,33177949.93,17904289.35,18925166.73,18330356.85,18188120.94,19208998.31,19464217.66,22761079.14,23781956.52,23254604.24
3,31666510.33,32687387.7,32942607.05,17611388.59,18632265.96,18887485.31,18242448.55,19263325.92,19474133.77,22496849.24,23517726.62,23004943.49,,,,31666510.33,32687387.7,32942607.05,17611388.59,18632265.96,18330356.85,18242448.55,19263325.92,19466843.09,22496849.24,23517726.62,23129320
4,31438883.02,32459760.39,32714979.74,17439605.19,18460482.56,18715701.91,18186386.99,19207264.36,19462483.71,22138810.1,23159687.48,22916738.94,,,,31438883.02,32459760.39,32714979.74,17439605.19,18460482.56,18330356.85,18186386.99,19207264.36,19457024.02,22138810.1,23159687.48,22993403.13
5,31227087.68,32247965.06,32503184.4,17248865.45,18269742.82,18524962.17,18158663.7,19179541.08,19434760.42,21863561.82,22884439.2,22806483.24,,,,31227087.68,32247965.06,32503184.4,17248865.45,18269742.82,18330356.85,18158663.7,19179541.08,19434760.42,21863561.82,22884439.2,22846853.63
6,30946290.92,31967168.3,32222387.64,17033629.57,18054506.95,18309726.29,18189298.65,19210176.02,19448152.78,21560645.48,22581522.86,22674176.4,,,,30946290.92,31967168.3,32222387.64,17033629.57,18054506.95,18309726.29,18189298.65,19210176.02,19439031.12,21560645.48,22581522.86,22689671.49
7,30873739.44,31894616.82,32149836.16,16923394.87,17944272.25,18199491.59,18196007.23,19216884.61,19439978.96,21303349.53,22324226.91,22519818.42,,,,30873739.44,31894616.82,32149836.16,16923394.87,17944272.25,18199491.59,18196007.23,19216884.61,19430857.29,21303349.53,22324226.91,22521856.71
8,30679113.94,31699991.32,31955210.66,16844512.08,17865389.46,18120608.8,18134142.24,19155019.61,19410238.96,21067312.59,22088189.96,22343409.31,,,,30679113.94,31699991.32,31955210.66,16844512.08,17865389.46,18120608.8,18134142.24,19155019.61,19410238.96,21067312.59,22088189.96,22343409.31
9,30513240.45,31534117.82,31789337.17,16689618.46,17710495.83,17965715.18,18185759.24,19206636.62,19435961.26,20906423.72,21927301.1,22182520.44,,,,30513240.45,31534117.82,31789337.17,16689618.46,17710495.83,17965715.18,18185759.24,19206636.62,19431400.42,20906423.72,21927301.1,22182520.44
10,30357452.05,31378329.42,31633548.77,16467283.84,17488161.22,17743380.56,18164020.66,19184898.03,19440117.38,20781161.77,21802039.15,22057258.49,,,,30357452.05,31378329.42,31633548.77,16467283.84,17488161.22,17743380.56,18164020.66,19184898.03,19440117.38,20781161.77,21802039.15,22057258.49
11,30213530.4,31234407.78,31489627.12,16388270.13,17409147.5,17664366.85,18182653.95,19203531.33,19458750.67,20699178.31,21720055.68,21974662.91,,,,30213530.4,31234407.78,31489627.12,16388270.13,17409147.5,17664366.85,18182653.95,19203531.33,19451100.93,20699178.31,21720055.68,21968953.66
12,30103444.53,31124321.9,31379541.25,16132016.51,17152893.88,17408113.23,18189534.8,19210412.18,19463861.46,20593919.48,21614796.85,21870016.2,,,,30103444.53,31124321.9,31379541.25,16132016.51,17152893.88,17408113.23,18189534.8,19210412.18,19449639.96,20593919.48,21614796.85,21870016.2
13,29764573.62,30785451,31040670.34,16056517.67,17077395.05,17332614.39,18213054.42,19233931.79,19447406.06,20550386.69,21571264.07,21826483.41,,,,29764573.62,30785451,31040670.34,16056517.67,17077395.05,17332614.39,18213054.42,19233931.79,19435734.48,20550386.69,21571264.07,21826483.41
14,29647030.46,30667907.84,30923127.18,16015238.17,17036115.54,17291334.89,18133287.76,19154165.14,19409384.48,20532704.95,21553582.33,21808801.67,,,,29647030.46,30667907.84,30923127.18,16015238.17,17036115.54,17291334.89,18133287.76,19154165.14,19409384.48,20532704.95,21553582.33,21808801.67
15,29533706.97,30554584.35,30809803.69,15938194.1,16959071.48,17214290.82,18174553.12,19195430.49,19444031.51,20546075.67,21566953.05,21822172.39,,,,29533706.97,30554584.35,30809803.69,15938194.1,16959071.48,17214290.82,18174553.12,19195430.49,19435939.61,20546075.67,21566953.05,21813793.03
16,29456527.59,30477404.96,30732624.3,15933822.95,16954700.32,17209919.66,18181015.64,19201893.02,19457112.36,20609548,21630425.38,21876159.57,,,,29456527.59,30477404.96,30732624.3,15933822.95,16954700.32,17209919.66,18181015.64,19201893.02,19450050.23,20609548,21630425.38,21808151.75
17,29318994.91,30339872.28,30595091.63,15830284.09,16851161.47,17106380.81,18192954.33,19213831.7,19465546.09,20631998.89,21652876.26,21908095.61,,,,29318994.91,30339872.28,30595091.63,15830284.09,16851161.47,17106380.81,18192954.33,19213831.7,19451716.33,20631998.89,21652876.26,21791877.85
18,29321763.77,30342641.14,30597860.49,15779013.35,16799890.72,17055110.07,18181269.15,19202146.52,19452413.63,20716098.73,21736976.1,21959334.02,,,,29321763.77,30342641.14,30597860.49,15779013.35,16799890.72,17055110.07,18181269.15,19202146.52,19440937.92,20716098.73,21736976.1,21764971.3
19,29263609.1,30284486.47,30539705.82,15750807.24,16771684.62,17026903.96,18141618.27,19162495.64,19417714.99,20773708.8,21794586.17,21988521.29,,,,29263609.1,30284486.47,30539705.82,15750807.24,16771684.62,17026903.96,18141618.27,19162495.64,19417714.99,20773708.8,21794586.17,21727432.13
20,29153784.07,30174661.44,30429880.78,15692093.87,16712971.24,16968190.59,18195203.48,19216080.86,19448705.16,20886614.21,21907491.58,21995657.42,,,,29153784.07,30174661.44,30429880.78,15692093.87,16712971.24,16968190.59,18195203.48,19216080.86,19430461.82,20886614.21,21907491.58,21679260.32
21,29084897.31,30105774.69,30360994.03,15646335,16667212.38,16922431.72,18191392.72,19212270.09,19458129.15,20816748.52,21837625.89,21980742.41,,,,29084897.31,30105774.69,30360994.03,15646335,16667212.38,16922431.72,18191392.72,19212270.09,19430764.15,20816748.52,21837625.89,21620455.88
22,28830950.38,29851827.76,30107047.1,15566115.39,16586992.77,16842212.11,18195434.81,19216312.18,19445986.95,20838307.7,21859185.08,21943776.27,,,,28830950.38,29851827.76,30107047.1,15566115.39,16586992.77,16842212.11,18195434.81,19216312.18,19418621.95,20838307.7,21859185.08,21551018.8
23,28756511.44,29777388.82,30032608.16,15448017.21,16468894.58,16724113.93,18144383.3,19165260.67,19412278.58,20816937.57,21837814.94,21884758.98,,,,28756511.44,29777388.82,30032608.16,15448017.21,16468894.58,16724113.93,18144383.3,19165260.67,19394035.24,20816937.57,21837814.94,21470949.09
24,28661563.11,29682440.48,29937659.83,15354325.08,16375202.45,16630421.8,18080907.3,19101784.67,19357004.02,20747452.99,21768330.36,21803690.55,,,,28661563.11,29682440.48,29937659.83,15354325.08,16375202.45,16630421.8,18080907.3,19101784.67,19357004.02,20747452.99,21768330.36,21380246.74
25,28529192.16,29550069.54,29805288.88,15141178.44,16162055.82,16417275.16,18062521.95,19083399.32,19338618.67,20492279.02,21513156.39,21700570.99,,,,28529192.16,29550069.54,29805288.88,15141178.44,16162055.82,16417275.16,18062521.95,19083399.32,19335710.64,20492279.02,21513156.39,21278911.77
26,28454146.98,29475024.36,29730243.7,15023603.2,16044480.58,16299699.92,18049330.54,19070207.92,19307987.59,20424294.18,21445171.56,21575400.28,,,,28454146.98,29475024.36,29730243.7,15023603.2,16044480.58,16299699.92,18049330.54,19070207.92,19301972.74,20424294.18,21445171.56,21166944.16
27,28315987.02,29336864.39,29592083.74,14902299.77,15923177.15,16178396.49,17979693.61,19000570.99,19255790.33,20196836.92,21217714.29,21428178.44,,,,28315987.02,29336864.39,29592083.74,14902299.77,15923177.15,16178396.49,17979693.61,19000570.99,19255790.33,20196836.92,21217714.29,21044343.91
28,28217647.37,29238524.74,29493744.08,14614290.32,15635167.7,15890387.04,18006019.1,19026896.47,19263373.13,19982808.73,21003686.11,21258905.45,,,,28217647.37,29238524.74,29493744.08,14614290.32,15635167.7,15890387.04,18006019.1,19026896.47,19250890.7,19982808.73,21003686.11,20911111.04
29,28104361.74,29125239.12,29380458.46,14498799.55,15519676.93,15774896.27,17977114.37,18997991.74,19249389.75,19808677.33,20829554.71,21070953.33,,,,28104361.74,29125239.12,29380458.46,14498799.55,15519676.93,15774896.27,17977114.37,18997991.74,19233546.56,19808677.33,20829554.71,20767245.52
30,28005312.86,29026190.23,29281409.58,14335534.28,15356411.66,15611631,17937743.46,18958620.84,19213840.18,19599899.13,20620776.5,20860950.08,,,,28005312.86,29026190.23,29281409.58,14335534.28,15356411.66,15611631,17937743.46,18958620.84,19203757.9,19599899.13,20620776.5,20612747.38
31,27860102.38,28880979.76,29136199.1,14232913.6,15253790.98,15509010.32,17885428,18906305.38,19161524.72,19352798.96,20373676.34,20628895.68,,,,27860102.38,28880979.76,29136199.1,14232913.6,15253790.98,15509010.32,17885428,18906305.38,19161524.72,19352798.96,20373676.34,20447616.6
32,27896389.57,28917266.94,29172486.29,14130148.91,15151026.29,15406245.63,17843895.21,18864772.58,19119017.15,19115285.75,20136163.13,20384654.97,,,,27896389.57,28917266.94,29172486.29,14130148.91,15151026.29,15406245.63,17843895.21,18864772.58,19114456.32,19115285.75,20136163.13,20271853.19
33,27723091.37,28743968.75,28999188.09,13924307.16,14945184.54,15200403.88,17778846.68,18799724.06,19054943.4,18842266.4,19863143.78,20118363.12,,,,27723091.37,28743968.75,28999188.09,13924307.16,14945184.54,15200403.88,17778846.68,18799724.06,19054943.4,18842266.4,19863143.78,20085457.15
34,27657964.29,28678841.66,28934061.01,13794049.59,14814926.97,15070146.31,17802532.6,18823409.98,19060061.23,18612331.75,19633209.12,19888428.47,,,,27657964.29,28678841.66,28934061.01,13794049.59,14814926.97,15070146.31,17802532.6,18823409.98,19046378.73,18612331.75,19633209.12,19888428.47
35,27611004.99,28631882.36,28887101.71,13660830.89,14681708.26,14936927.61,17779955.76,18800833.14,19043612.88,18414790.12,19435667.5,19690886.84,,,,27611004.99,28631882.36,28887101.71,13660830.89,14681708.26,14936927.61,17779955.76,18800833.14,19025369.54,18414790.12,19435667.5,19690886.84
36,27474429.54,28495306.91,28750526.26,13555813.35,14576690.73,14831910.07,17750245.02,18771122.4,19005598.34,18303234.49,19324111.86,19557916.85,,,,27474429.54,28495306.91,28750526.26,13555813.35,14576690.73,14831910.07,17750245.02,18771122.4,18991915.84,18303234.49,19324111.86,19552207.6
37,27352994.77,28373872.14,28629091.49,13442951.52,14463828.89,14719048.24,17669920.91,18690798.28,18946017.63,18126799,19147676.38,19402895.72,,,,27352994.77,28373872.14,28629091.49,13442951.52,14463828.89,14719048.24,17669920.91,18690798.28,18946017.63,18126799,19147676.38,19402895.72
38,27307186.68,28328064.06,28583283.4,13418323.38,14439200.76,14694420.1,17644813.41,18665690.79,18920910.13,17995343.99,19016221.37,19251521.36,,,,27307186.68,28328064.06,28583283.4,13418323.38,14439200.76,14694420.1,17644813.41,18665690.79,18920910.13,17995343.99,19016221.37,19245812.1
39,27195900.19,28216777.57,28471996.91,13295853.71,14316731.09,14571950.43,17662632.8,18683510.18,18902910.23,17801999.14,18822876.51,19078095.86,,,,27195900.19,28216777.57,28471996.91,13295853.71,14316731.09,14571950.43,17662632.8,18683510.18,18898349.4,17801999.14,18822876.51,19078095.86
40,27156897.76,28177775.13,28432994.48,13256156.37,14277033.75,14532253.09,17587247.43,18608124.81,18863344.15,17730428.53,18751305.9,18999994.88,,,,27156897.76,28177775.13,28432994.48,13256156.37,14277033.75,14532253.09,17587247.43,18608124.81,18863344.15,17730428.53,18751305.9,18994285.63
41,27199398.3,28220275.67,28475495.02,13158906.4,14179783.77,14435003.12,17583679.72,18604557.1,18859776.44,17623746.04,18644623.42,18899842.76,,,,27199398.3,28220275.67,28475495.02,13158906.4,14179783.77,14435003.12,17583679.72,18604557.1,18859776.44,17623746.04,18644623.42,18899842.76
42,27098302.16,28119179.54,28374398.88,13124171.93,14145049.31,14400268.65,17589087.46,18609964.83,18865184.18,17557792.18,18578669.55,18833888.9,,,,27098302.16,28119179.54,28374398.88,13124171.93,14145049.31,14400268.65,17589087.46,18609964.83,18865184.18,17557792.18,18578669.55,18833888.9
43,27061694.04,28082571.41,28337790.76,13093089.44,14113966.81,14369186.16,17610107.41,18630984.79,18886204.13,17527432.35,18548309.72,18791653.9,,,,27061694.04,28082571.41,28337790.76,13093089.44,14113966.81,14369186.16,17610107.41,18630984.79,18886204.13,17527432.35,18548309.72,18785944.65
44,27034301.71,28055179.08,28310398.43,13022551.39,14043428.76,14298648.11,17662964.33,18683841.71,18906899.52,17451271.05,18472148.43,18727367.77,,,,27034301.71,28055179.08,28310398.43,13022551.39,14043428.76,14298648.11,17662964.33,18683841.71,18902338.69,17451271.05,18472148.43,18727367.77
45,27026692.66,28047570.03,28302789.38,13039849.78,14060727.16,14315946.5,17629932,18650809.38,18906028.72,17450258.87,18471136.24,18726355.59,,,,27026692.66,28047570.03,28302789.38,13039849.78,14060727.16,14315946.5,17629932,18650809.38,18906028.72,17450258.87,18471136.24,18726355.59
46,26951810.24,27972687.61,28227906.96,12952138.44,13973015.81,14228235.16,17640843.38,18661720.75,18916940.1,17497126.5,18518003.88,18749046.64,,,,26951810.24,27972687.61,28227906.96,12952138.44,13973015.81,14228235.16,17640843.38,18661720.75,18912899.07,17497126.5,18518003.88,18743337.39
47,26950321.83,27971199.2,28226418.55,12857499.28,13878376.66,14133596,17631228.19,18652105.56,18907324.91,17473589.84,18494467.21,18749686.56,,,,26950321.83,27971199.2,28226418.55,12857499.28,13878376.66,14133596,17631228.19,18652105.56,18907324.91,17473589.84,18494467.21,18749686.56
48,26854461.39,27875338.77,28130558.11,13003360.99,14024238.36,14279457.71,17735598.81,18756476.19,18931706.67,17491722.81,18512600.18,18767819.53,,,,26854461.39,27875338.77,28130558.11,13003360.99,14024238.36,14279457.71,17735598.81,18756476.19,18927145.84,17491722.81,18512600.18,18767819.53
49,26778131.44,27799008.82,28054228.16,12986052.84,14006930.22,14262149.56,17658425.54,18679302.91,18934522.26,17538435.74,18559313.12,18814532.46,,,,26778131.44,27799008.82,28054228.16,12986052.84,14006930.22,14262149.56,17658425.54,18679302.91,18934522.26,17538435.74,18559313.12,18814532.46
50,26780863.75,27801741.13,28056960.47,12939984.76,13960862.13,14216081.48,17675391.99,18696269.36,18951488.71,17575896.86,18596774.23,18851993.58,,,,26780863.75,27801741.13,28056960.47,12939984.76,13960862.13,14216081.48,17675391.99,18696269.36,18951488.71,17575896.86,18596774.23,18851993.58
51,26700545.37,27721422.75,27976642.09,12859278.34,13880155.71,14135375.06,17753401.53,18774278.9,19029498.25,17706272.18,18727149.55,18974515.35,,,,26700545.37,27721422.75,27976642.09,12859278.34,13880155.71,14135375.06,17753401.53,18774278.9,19029498.25,17706272.18,18727149.55,18963096.84
52,26699411.59,27720288.97,27975508.31,12858876.98,13879754.36,14134973.7,17824831.79,18845709.16,19100928.51,17855092.77,18875970.14,19074985.98,,,,26699411.59,27720288.97,27975508.31,12858876.98,13879754.36,14134973.7,17824831.79,18845709.16,19100928.51,17855092.77,18875970.14,19063567.47
53,26728089.63,27748967,28004186.35,12910953.21,13931830.59,14187049.93,17895666.91,18916544.28,19171763.63,17877308.75,18898186.13,19153405.47,,,,26728089.63,27748967,28004186.35,12910953.21,13931830.59,14187049.93,17895666.91,18916544.28,19171763.63,17877308.75,18898186.13,19153405.47
54,26771391.21,27792268.59,28047487.93,12839700.89,13860578.27,14115797.61,18052411.06,19073288.44,19267503.41,18086663.22,19107540.6,19345879.76,,,,26771391.21,27792268.59,28047487.93,12839700.89,13860578.27,14115797.61,18052411.06,19073288.44,19262942.58,18086663.22,19107540.6,19331291.28
55,26709181.48,27730058.85,27985278.2,12791511.21,13812388.58,14067607.93,18065580.29,19086457.67,19341677.01,18258107.59,19278984.97,19516302.91,,,,26709181.48,27730058.85,27985278.2,12791511.21,13812388.58,14067607.93,18065580.29,19086457.67,19341677.01,18258107.59,19278984.97,19498544.46
56,26752752.08,27773629.46,28028848.8,12763616.99,13784494.36,14039713.71,18152506.61,19173383.99,19428603.33,18388578.2,19409455.58,19664674.92,,,,26752752.08,27773629.46,28028848.8,12763616.99,13784494.36,14039713.71,18152506.61,19173383.99,19428603.33,18388578.2,19409455.58,19655165.01
57,26809506.51,27830383.88,28085603.23,12759446.61,13780323.98,14035543.33,18280302.88,19301180.25,19540857.93,18525056.2,19545933.57,19801152.92,,,,26809506.51,27830383.88,28085603.23,12759446.61,13780323.98,14035543.33,18280302.88,19301180.25,19536297.09,18525056.2,19545933.57,19801152.92
58,26883253.48,27904130.86,28159350.2,12703596.33,13724473.71,13979693.05,18355449.62,19376326.99,19631546.34,18711925.02,19732802.39,19986097.57,,,,26883253.48,27904130.86,28159350.2,12703596.33,13724473.71,13979693.05,18355449.62,19376326.99,19631546.34,18711925.02,19732802.39,19974679.07
59,26940789.86,27961667.24,28216886.58,12644596.65,13665474.03,13920693.37,18487098.64,19507976.01,19744726.37,18895306.23,19916183.6,20148991.09,,,,26940789.86,27961667.24,28216886.58,12644596.65,13665474.03,13920693.37,18487098.64,19507976.01,19735604.71,18895306.23,19916183.6,20137572.59
60,26889435.56,27910312.93,28165532.28,12605617.17,13626494.54,13881713.88,18617363.19,19638240.57,19836340.23,19013736.75,20034614.13,20289833.47,,,,26889435.56,27910312.93,28165532.28,12605617.17,13626494.54,13881713.88,18617363.19,19638240.57,19827218.56,19013736.75,20034614.13,20289833.47
61,26848563.81,27869441.19,28124660.53,12405630.5,13426507.88,13681727.22,18630291.18,19651168.55,19906387.9,19245623.19,20266500.56,20497716.79,,,,26848563.81,27869441.19,28124660.53,12405630.5,13426507.88,13681727.22,18630291.18,19651168.55,19906387.9,19245623.19,20266500.56,20469928.32
62,26939714.31,27960591.69,28215811.03,12350773.86,13371651.23,13626870.58,18796877.17,19817754.55,20058786.67,19407452.25,20428329.63,20683548.97,,,,26939714.31,27960591.69,28215811.03,12350773.86,13371651.23,13626870.58,18796877.17,19817754.55,20014464.67,19407452.25,20428329.63,20639390.53
63,27001735.19,28022612.57,28277831.91,12227260.92,13248138.3,13503357.64,18913522.53,19934399.91,20189619.25,19584531.33,20605408.7,20856383.87,,,,27001735.19,28022612.57,28277831.91,12227260.92,13248138.3,13503357.64,18913522.53,19934399.91,20110096.92,19584531.33,20605408.7,20798220.11
64,27074451.11,28095328.48,28350547.83,12253392.38,13274269.75,13529489.1,19064031.95,20084909.32,20340128.67,19732739.69,20753617.07,21007167.63,,,,27074451.11,28095328.48,28350547.83,12253392.38,13274269.75,13529489.1,19064031.95,20084909.32,20193284.66,19732739.69,20753617.07,20946417.05
65,27130731.74,28151609.12,28406828.46,12210955.77,13231833.15,13487052.49,19224379,20245256.37,20500475.72,19882602.41,20903479.79,21135900.26,,,,27130731.74,28151609.12,28406828.46,12210955.77,13231833.15,13487052.49,19224379,20245256.37,20264027.88,19882602.41,20903479.79,21083981.36
66,27238675.99,28259553.36,28514772.71,12102229.77,13123107.14,13378326.49,19417985.97,20438863.34,20642056.84,20016530.84,21037408.22,21242581.74,,,,27238675.99,28259553.36,28514772.71,12102229.77,13123107.14,13378326.49,19417985.97,20438863.34,20322326.59,20016530.84,21037408.22,21210913.04
67,27346549.32,28367426.7,28622646.04,12050825.51,13071702.88,13326922.23,19490467.3,20511344.67,20762071.78,20051115.36,21071992.74,21327212.08,,,,27346549.32,28367426.7,28622646.04,12050825.51,13071702.88,13326922.23,19490467.3,20511344.67,20368180.77,20051115.36,21071992.74,21327212.08
68,27475003.13,28495880.5,28751099.84,11899912.18,12920789.56,13176008.9,19660255.41,20681132.79,20860520.54,20172090.58,21192967.95,21448187.3,,,,27475003.13,28495880.5,28751099.84,11899912.18,12920789.56,13176008.9,19660255.41,20681132.79,20401590.45,20172090.58,21192967.95,21448187.3
69,27571241.71,28592119.08,28847338.43,11856966.2,12877843.58,13133062.92,19789334.45,20810211.83,20937403.11,20297483.05,21318360.43,21573579.77,,,,27571241.71,28592119.08,28847338.43,11856966.2,12877843.58,13133062.92,19789334.45,20810211.83,20422555.61,20297483.05,21318360.43,21573579.77
70,27793379.3,28814256.68,29069476.02,11853627.64,12874505.02,13129724.36,19877120.2,20897997.58,20992719.5,20442463.55,21463340.92,21711068.89,,,,27793379.3,28814256.68,29069476.02,11853627.64,12874505.02,13129724.36,19877120.2,20897997.58,20431076.25,20442463.55,21463340.92,21693028.1
71,27995236.29,29016113.67,29271333.01,11745252.68,12766130.06,13021349.4,20004133.85,21025011.22,21026469.71,20589528.53,21610405.91,21826506.86,,,,27995236.29,29016113.67,29271333.01,11745252.68,12766130.06,13021349.4,20004133.85,21025011.22,20427152.37,20589528.53,21610405.91,21801843.8
72,28219526.52,29240403.89,29495623.23,11711748.03,12732625.4,12987844.75,20021008.5,21041885.88,21038653.73,20723559.45,21744436.83,21919893.7,,,,28219526.52,29240403.89,29495623.23,11711748.03,12732625.4,12987844.75,20021008.5,21041885.88,20410783.98,20723559.45,21744436.83,21900026.87
73,28277223.37,29298100.74,29553320.09,11422076.66,12442954.04,12698173.38,19865222.2,20886099.58,21029271.58,20715132.68,21736010.06,21991229.4,,,,28277223.37,29298100.74,29553320.09,11422076.66,12442954.04,12698173.38,19865222.2,20886099.58,20381971.07,20715132.68,21736010.06,21987577.3
74,28396938.26,29417815.63,29673034.98,11367874.18,12388751.56,12643970.9,19757908.76,20778786.14,20998323.24,20788398.38,21809275.75,22064495.1,,,,28396938.26,29417815.63,29673034.98,11367874.18,12388751.56,12643970.9,19757908.76,20778786.14,20340713.65,20788398.38,21809275.75,22064495.1
75,28567818.02,29588695.39,29843914.74,11376736.26,12397613.64,12652832.98,19669711.99,20690589.37,20945808.71,20944894.73,21965772.1,22207842.19,,,,28567818.02,29588695.39,29843914.74,11376736.26,12397613.64,12652832.98,19669711.99,20690589.37,20287011.71,20944894.73,21965772.1,22196423.68
76,28852793.02,29873670.4,30128889.74,11212229.44,12233106.82,12488326.16,19649008.08,20669885.45,20894844.23,21072393.94,22093271.32,22329138.14,,,,28852793.02,29873670.4,30128889.74,11212229.44,12233106.82,12488326.16,19649008.08,20669885.45,20220865.25,21072393.94,22093271.32,22317719.63
77,29084124.86,30105002.23,30360221.57,11081094.96,12101972.33,12357191.68,19587239.36,20608116.73,20822313.56,21152286.23,22173163.6,22428382.94,,,,29084124.86,30105002.23,30360221.57,11081094.96,12101972.33,12357191.68,19587239.36,20608116.73,20142274.28,21152286.23,22173163.6,22428382.94
78,29341963.5,30362840.87,30618060.21,10919845.42,11940722.8,12195942.14,19513092.74,20533970.11,20728216.71,21332711.38,22353588.75,22600142.19,,,,29341963.5,30362840.87,30618060.21,10919845.42,11940722.8,12195942.14,19513092.74,20533970.11,20051238.8,21332711.38,22353588.75,22594432.94
79,29528811.01,30549688.38,30804907.72,10824706.52,11845583.9,12100803.24,19336456.95,20357334.33,20612553.67,21473753.59,22494630.96,22749850.31,,,,29528811.01,30549688.38,30804907.72,10824706.52,11845583.9,12100803.24,19336456.95,20357334.33,19947758.79,21473753.59,22494630.96,22749850.31
80,29762649.49,30783526.86,31038746.21,10712640.79,11733518.17,11988737.51,19281655.62,20302533,20531642.37,21704128.76,22725006.13,22912369.29,,,,29762649.49,30783526.86,31038746.21,10712640.79,11733518.17,11988737.51,19281655.62,20302533,19831834.27,21704128.76,22725006.13,22932537.61
81,29939179.44,30960056.81,31215276.16,10634882.15,11655759.53,11910978.87,19153068.17,20173945.54,20429164.89,21903733.24,22924610.62,23052837.13,,,,29939179.44,30960056.81,31215276.16,10634882.15,11655759.53,11910978.87,19153068.17,20173945.54,19703465.24,21903733.24,22924610.62,23104592.28
82,30058700.53,31079577.91,31334797.25,10751468.8,11772346.17,12027565.52,19074328.36,20095205.73,20307801.41,22156609.69,23177487.07,23171253.83,,,,30058700.53,31079577.91,31334797.25,10751468.8,11772346.17,12027565.52,19074328.36,20095205.73,19562651.68,22156609.69,23177487.07,23266014.31
83,30217326.77,31238204.14,31493423.49,10745523.53,11766400.91,12021620.25,18960982.08,19981859.46,20164871.74,22475496.1,23496373.47,23267619.4,,,,30217326.77,31238204.14,31493423.49,10745523.53,11766400.91,12021620.25,18960982.08,19981859.46,19409393.62,22475496.1,23496373.47,23416803.72
84,30233038.27,31253915.65,31509134.99,10569936.47,11590813.85,11846033.19,18789575.72,19810453.09,20000375.89,22715924.95,23736802.33,23341933.82,,,,30233038.27,31253915.65,31509134.99,10569936.47,11590813.85,11846033.19,18789575.72,19810453.09,19243691.03,22715924.95,23736802.33,23556960.49
85,30143813.42,31164690.79,31419910.14,10348985.48,11369862.86,11625082.2,18606894.22,19627771.59,19814313.86,22930362.34,23951239.72,23394197.1,,,,30143813.42,31164690.79,31419910.14,10348985.48,11369862.86,11625082.2,18606894.22,19627771.59,19065543.93,22930362.34,23951239.72,23686484.62
86,29853423.08,30874300.46,31129519.8,10169673.93,11190551.3,11445770.64,18487518.61,19508395.99,19606685.65,23261246.83,24282124.21,23424409.25,,,,29853423.08,30874300.46,31129519.8,10169673.93,11190551.3,11445770.64,18487518.61,19508395.99,18874952.31,23261246.83,24282124.21,23805376.13
87,29722954.33,30743831.71,30999051.05,9969507.351,10990384.73,11245604.07,18307391.67,19328269.04,19377491.25,23489800.84,24510678.22,23432570.25,,,,29722954.33,30743831.71,30999051.05,9969507.351,10990384.73,11245604.07,18307391.67,19328269.04,18671916.18,23489800.84,24510678.22,23913634.99
88,29551904.08,30572781.45,30828000.8,9732704.928,10753582.3,11008801.65,18221454.42,19242331.79,19126730.67,23794299.16,24815176.53,23418680.12,,,,29551904.08,30572781.45,30828000.8,9732704.928,10753582.3,11008801.65,18221454.42,19242331.79,18456435.53,23794299.16,24815176.53,24011261.23
89,29352135.42,30373012.8,30628232.14,9484568.467,10505445.84,10760665.19,18087341.76,19108219.14,18854403.91,23981003.58,25001880.96,23382738.84,,,,29352135.42,30373012.8,30628232.14,9484568.467,10505445.84,10760665.19,18087341.76,19108219.14,18228510.37,23981003.58,25001880.96,24098254.83
90,29090933.23,30111810.6,30367029.95,9289050.681,10309928.06,10565147.4,17988140.69,19009018.06,18560510.97,24174615.8,25195493.17,23324746.43,,,,29090933.23,30111810.6,30367029.95,9289050.681,10309928.06,10565147.4,17988140.69,19009018.06,17988140.69,24174615.8,25195493.17,24174615.8
91,28911821.69,29932699.07,30187918.41,8993929.334,10014806.71,10270026.05,17674881.38,18695758.75,18245051.84,24218222.53,25239099.91,23244702.88,,,,28911821.69,29932699.07,30187918.41,8993929.334,10014806.71,10270026.05,17674881.38,18695758.75,17731626.13,24218222.53,25239099.91,24233072.76
92,28642686.54,29663563.92,29918783.26,8710385.412,9731262.788,9986482.132,17462667.05,18483544.43,17908026.53,24280897.08,25301774.45,23142608.18,,,,28642686.54,29663563.92,29918783.26,8710385.412,9731262.788,9986482.132,17462667.05,18483544.43,17462667.05,24280897.08,25301774.45,24280897.08
93,28398514.56,29419391.94,29674611.28,8395003.263,9415880.639,9671099.983,17133824.3,18154701.67,17549435.03,24249710.94,25270588.32,23018462.35,,,,28398514.56,29419391.94,29674611.28,8395003.263,9415880.639,9671099.983,17133824.3,18154701.67,17152430.68,24249710.94,25270588.32,24249710.94
94,28161651.74,29182529.12,29437748.46,8172104.305,9192981.68,9448201.024,16785931.48,17806808.85,17169277.36,24116753.79,25137631.17,22872265.38,,,,28161651.74,29182529.12,29437748.46,8172104.305,9192981.68,9448201.024,16785931.48,17806808.85,16829749.8,24116753.79,25137631.17,24120228.78
95,27960961.08,28981838.46,29237057.8,7820049.401,8840926.777,9096146.121,16494624.39,17515501.77,16767553.5,23980113.99,25000991.36,22704017.27,,,,27960961.08,28981838.46,29237057.8,7820049.401,8840926.777,9096146.121,16494624.39,17515501.77,16494624.39,23980113.99,25000991.36,23980113.99
96,27603664.41,28624541.79,28879761.13,7230351.92,8251229.296,8506448.64,15840977.77,16861855.15,16344263.46,23675185.78,24696063.15,22399089.06,,,,27603664.41,28624541.79,28879761.13,7230351.92,8251229.296,8506448.64,15840977.77,16861855.15,16057579.76,23675185.78,24696063.15,23675185.78
97,27329978.78,28350856.15,28606075.5,6794580.166,7815457.542,8070676.886,15434979.2,16455856.58,15899407.23,23241324.69,24262202.06,22032210.55,,,,27329978.78,28350856.15,28606075.5,6794580.166,7815457.542,8070676.886,15434979.2,16455856.58,15608090.61,23241324.69,24262202.06,23241324.69
98,27070749.19,28091626.56,28346845.91,6309136.733,7330014.108,7585233.452,14869260.19,15890137.57,15432984.83,22734247.14,23755124.51,21643280.9,,,,27070749.19,28091626.56,28346845.91,6309136.733,7330014.108,7585233.452,14869260.19,15890137.57,15146156.95,22734247.14,23755124.51,22734247.14
99,26905226.13,27926103.5,28181322.85,5759752.824,6780630.199,7035849.543,14169183.15,15190060.53,14944996.24,22074181.63,23095059,21232300.11,,,,26905226.13,27926103.5,28181322.85,5759752.824,6780630.199,7035849.543,14169183.15,15190060.53,14671778.77,22074181.63,23095059,22162786.45
100,26657243.35,27678120.73,27933340.07,5216764.354,6237641.729,6492861.073,13638317.4,14659194.78,14435441.46,21345944.64,22366822.02,20799268.18,,,,26657243.35,27678120.73,27933340.07,5216764.354,6237641.729,6492861.073,13638317.4,14659194.78,14184956.08,21345944.64,22366822.02,21580693.12
101,26524803.34,27545680.71,27800900.06,4662740.523,5683617.898,5938837.242,13048264.6,14069141.97,13904320.51,20709572.9,21730450.27,20344185.11,,,,26524803.34,27545680.71,27800900.06,4662740.523,5683617.898,5938837.242,13048264.6,14069141.97,13685688.87,20709572.9,21730450.27,20987967.17
102,26401550.05,27422427.42,27677646.76,4111513.763,5132391.138,5387610.482,12284965.3,13305842.68,13351633.37,19849340.83,20870218.2,19867050.91,,,,26401550.05,27422427.42,27677646.76,4111513.763,5132391.138,5387610.482,12284965.3,13305842.68,13173977.14,19849340.83,20870218.2,20384608.58
103,26225691.24,27246568.61,27501787.96,3594260.563,4615137.938,4870357.282,11653423.58,12674300.96,12777380.05,19108630.03,20129507.4,19367865.56,,,,26225691.24,27246568.61,27501787.96,3594260.563,4615137.938,4870357.282,11653423.58,12674300.96,12649820.89,19108630.03,20129507.4,19770617.35
104,26181864.13,27202741.51,27457960.85,3095587.346,4116464.721,4371684.065,11027237.07,12048114.44,12181560.55,18356595.39,19377472.77,18846629.07,,,,26181864.13,27202741.51,27457960.85,3095587.346,4116464.721,4371684.065,11027237.07,12048114.44,12113220.14,18356595.39,19377472.77,19145993.5
105,25931215.28,26952092.65,27207312,2596091.784,3616969.16,3872188.504,10288078.14,11308955.52,11564174.86,17547060.87,18567938.25,18303341.45,,,,25931215.28,26952092.65,27207312,2596091.784,3616969.16,3872188.504,10288078.14,11308955.52,11564174.86,17547060.87,18567938.25,18510737.01
106,25953204.46,26974081.84,27229301.18,2084955.436,3105832.812,3361052.155,9769856.925,10790734.3,11045953.64,16847776.95,17868654.33,17738002.68,,,,25953204.46,26974081.84,27229301.18,2084955.436,3105832.812,3361052.155,9769856.925,10790734.3,11038435.13,16847776.95,17868654.33,17864847.88
107,25863649.62,26884527,27139746.34,1576219.566,2597096.942,2852316.286,9275242.143,10296119.52,10508570.97,16169233.09,17190110.46,17150612.78,,,,25863649.62,26884527,27139746.34,1576219.566,2597096.942,2852316.286,9275242.143,10296119.52,10500250.88,16169233.09,17190110.46,17208326.12
108,25734039.52,26754916.9,27010136.24,887304.748,1908182.123,2163401.467,8673525.391,9694402.767,9949622.11,15265075.01,16285952.39,16541171.73,,,,25734039.52,26754916.9,27010136.24,887304.748,1908182.123,2163401.467,8673525.391,9694402.767,9949622.11,15265075.01,16285952.39,16541171.73
109,25745692.05,26766569.42,27021788.77,310573.5758,1331450.951,1586670.295,8242879.086,9263756.461,9518975.805,14667324.21,15688201.59,15943420.93,,,,25745692.05,26766569.42,27021788.77,310573.5758,1331450.951,1586670.295,8242879.086,9263756.461,9518975.805,14667324.21,15688201.59,15943420.93
110,25725006.44,26745883.81,27001103.16,-52134.42541,968742.9501,1223962.294,7856281.324,8877158.7,9087803.194,14122849.54,15143726.91,15398946.26,,,,25725006.44,26745883.81,27001103.16,-52134.42541,968742.9501,1223962.294,7856281.324,8877158.7,9083242.36,14122849.54,15143726.91,15398946.26
111,25677087.17,26697964.55,26953183.89,-513185.7784,507691.5971,762910.941,7358967.68,8379845.056,8635064.4,13576109.1,14596986.47,14852205.82,,,,25677087.17,26697964.55,26953183.89,-513185.7784,507691.5971,762910.941,7358967.68,8379845.056,8635064.4,13576109.1,14596986.47,14852205.82
112,25777455.31,26798332.69,27053552.03,-837652.0692,183225.3064,438444.6502,6985446.304,8006323.68,8261543.023,13257076.66,14277954.03,14533173.38,,,,25777455.31,26798332.69,27053552.03,-837652.0692,183225.3064,438444.6502,6985446.304,8006323.68,8261543.023,13257076.66,14277954.03,14528507.94
113,25823188,26844065.37,27099284.72,-1212009.859,-191132.4831,64086.86074,6676955.06,7697832.436,7953051.78,12975553.06,13996430.44,14202219.4,,,,25823188,26844065.37,27099284.72,-1212009.859,-191132.4831,64086.86074,6676955.06,7697832.436,7953051.78,12975553.06,13996430.44,14194177.43
114,25908825.41,26929702.78,27184922.13,-1611478.303,-590600.9277,-335381.5838,6421965.731,7442843.107,7698062.451,12573117.57,13593994.94,13849214.29,,,,25908825.41,26929702.78,27184922.13,-1611478.303,-590600.9277,-335381.5838,6421965.731,7442843.107,7698062.451,12573117.57,13593994.94,13849214.29
115,26064086.59,27084963.96,27340183.31,-1904577.479,-883700.1032,-628480.7593,6382229.924,7403107.3,7621067.247,12328661.97,13349539.35,13589241.33,,,,26064086.59,27084963.96,27340183.31,-1904577.479,-883700.1032,-628480.7593,6382229.924,7403107.3,7606741.27,12328661.97,13349539.35,13583532.08
116,26189955.99,27210833.37,27466052.71,-2125986.269,-1105108.894,-849889.5499,6321002.796,7341880.172,7522505.86,12031120.52,13051997.9,13307217.24,,,,26189955.99,27210833.37,27466052.71,-2125986.269,-1105108.894,-849889.5499,6321002.796,7341880.172,7502975.573,12031120.52,13051997.9,13307217.24
117,26273244.3,27294121.67,27549341.02,-2468624.041,-1447746.665,-1192527.321,6126281.571,7147158.946,7402378.29,11820361.25,12841238.63,13096457.97,,,,26273244.3,27294121.67,27549341.02,-2468624.041,-1447746.665,-1192527.321,6126281.571,7147158.946,7386765.36,11820361.25,12841238.63,13096457.97
118,26359722.44,27380599.82,27635819.16,-2697564.372,-1676686.996,-1421467.652,6038458.748,7059336.124,7270477.929,11683483.03,12704360.41,12955814.33,,,,26359722.44,27380599.82,27635819.16,-2697564.372,-1676686.996,-1421467.652,6038458.748,7059336.124,7258110.63,11683483.03,12704360.41,12944395.83
119,26537946.21,27558823.59,27814042.93,-2967862.203,-1946984.827,-1691765.483,5840914.666,6861792.041,7117011.385,11578972.54,12599849.91,12793119.55,,,,26537946.21,27558823.59,27814042.93,-2967862.203,-1946984.827,-1691765.483,5840914.666,6861792.041,7117011.385,11578972.54,12599849.91,12781701.05
120,26483849.83,27504727.21,27759946.55,-3396025.549,-2375148.173,-2119928.829,5755273.311,6776150.686,6992545.295,11332276.91,12353154.29,12608373.63,,,,26483849.83,27504727.21,27759946.55,-3396025.549,-2375148.173,-2119928.829,5755273.311,6776150.686,6983423.628,11332276.91,12353154.29,12608373.63
121,26471827.51,27492704.88,27747924.23,-3616336.393,-2595459.018,-2340239.674,5614471.352,6635348.727,6846513.022,11222110.32,12242987.7,12498207.04,,,,26471827.51,27492704.88,27747924.23,-3616336.393,-2595459.018,-2340239.674,5614471.352,6635348.727,6837391.356,11222110.32,12242987.7,12498207.04
122,26622989.17,27643866.55,27899085.89,-3866886.771,-2846009.395,-2590790.051,5402817.847,6423695.223,6678914.567,11168559.76,12189437.13,12444656.48,,,,26622989.17,27643866.55,27899085.89,-3866886.771,-2846009.395,-2590790.051,5402817.847,6423695.223,6678914.567,11168559.76,12189437.13,12444656.48
123,26691662.61,27712539.98,27967759.33,-4097726.659,-3076849.284,-2821629.94,5409354.79,6430232.166,6643479.042,11121260.87,12142138.25,12397357.59,,,,26691662.61,27712539.98,27967759.33,-4097726.659,-3076849.284,-2821629.94,5409354.79,6430232.166,6634325.437,11121260.87,12142138.25,12397357.59
124,26840087.11,27860964.49,28116183.83,-4255534.865,-3234657.489,-2979438.145,5366689.389,6387566.765,6586477.334,11088373.12,12109250.5,12364469.84,,,,26840087.11,27860964.49,28116183.83,-4255534.865,-3234657.489,-2979438.145,5366689.389,6387566.765,6577291.791,11088373.12,12109250.5,12364469.84
125,26888413.49,27909290.87,28164510.21,-4436410.646,-3415533.27,-3160313.926,5231812.725,6252690.1,6507909.444,11100501.17,12121378.54,12368930.36,,,,26888413.49,27909290.87,28164510.21,-4436410.646,-3415533.27,-3160313.926,5231812.725,6252690.1,6507813.629,11100501.17,12121378.54,12357511.86
126,26980293.92,28001171.3,28256390.64,-4654778.125,-3633900.749,-3378681.405,5161908.405,6182785.78,6432324.565,11120302.7,12141180.07,12351339.75,,,,26980293.92,28001171.3,28256390.64,-4654778.125,-3633900.749,-3378681.405,5161908.405,6182785.78,6425890.95,11120302.7,12141180.07,12339921.24
127,27101862.87,28122740.25,28377959.59,-4788496.437,-3767619.061,-3512399.717,5059076.783,6079954.158,6335173.502,11035601.27,12056478.65,12311697.99,,,,27101862.87,28122740.25,28377959.59,-4788496.437,-3767619.061,-3512399.717,5059076.783,6079954.158,6331523.756,11035601.27,12056478.65,12311697.99
128,27273297.51,28294174.88,28549394.23,-4890200.427,-3869323.051,-3614103.707,5007496.522,6028373.898,6236266.876,11072406.88,12093284.25,12313954.22,,,,27273297.51,28294174.88,28549394.23,-4890200.427,-3869323.051,-3614103.707,5007496.522,6028373.898,6224712.046,11072406.88,12093284.25,12282888.92
129,27294465.75,28315343.12,28570562.47,-5056092.659,-4035215.283,-3779995.939,4908279.866,5929157.242,6115794.068,11018062.6,12038939.97,12294159.32,,,,27294465.75,28315343.12,28570562.47,-5056092.659,-4035215.283,-3779995.939,4908279.866,5929157.242,6105455.819,11018062.6,12038939.97,12243447.22
130,27366158.79,28387036.16,28642255.51,-5185003.116,-4164125.741,-3908906.397,4697658.357,5718535.733,5973755.076,11026278.46,12047155.84,12286151.34,,,,27366158.79,28387036.16,28642255.51,-5185003.116,-4164125.741,-3908906.397,4697658.357,5718535.733,5973755.076,11026278.46,12047155.84,12193372.89
131,27497903.51,28518780.89,28774000.23,-5129984.378,-4109107.002,-3853887.658,4739634.995,5760512.371,5999873.194,11049565.26,12070442.64,12256092.23,,,,27497903.51,28518780.89,28774000.23,-5129984.378,-4109107.002,-3853887.658,4739634.995,5760512.371,5994762.597,11049565.26,12070442.64,12132665.92
132,27537110.2,28557987.58,28813206.92,-5277945.069,-4257067.694,-4001848.35,4728328.409,5749205.784,6004425.128,10956021.05,11976898.43,12203981.97,,,,27537110.2,28557987.58,28813206.92,-5277945.069,-4257067.694,-4001848.35,4728328.409,5749205.784,6003325.601,10956021.05,11976898.43,12061326.32
133,27585969.24,28606846.62,28862065.96,-5154019.003,-4133141.627,-3877922.283,4764774.324,5785651.699,6004554.686,10880740.89,11901618.27,12129820.58,,,,27585969.24,28606846.62,28862065.96,-5154019.003,-4133141.627,-3877922.283,4764774.324,5785651.699,5999444.089,10880740.89,11901618.27,11979354.09
134,27827364.29,28848241.67,29103461.01,-5184982.563,-4164105.188,-3908885.844,4707021.341,5727898.717,5983118.061,10757511.33,11778388.7,12033608.05,,,,27827364.29,28848241.67,29103461.01,-5184982.563,-4164105.188,-3908885.844,4707021.341,5727898.717,5983118.061,10757511.33,11778388.7,11886749.22
135,28196758.96,29217636.34,29472855.68,-5123194.333,-4102316.957,-3847097.613,4812986.254,5833863.629,6029270.682,10674686.52,11695563.89,11935912.95,,,,28196758.96,29217636.34,29472855.68,-5123194.333,-4102316.957,-3847097.613,4812986.254,5833863.629,6024213.868,10674686.52,11695563.89,11783511.72
136,28314286.61,29335163.98,29590383.33,-5056797.265,-4035919.89,-3780700.546,4777760.402,5798637.778,6053857.122,10547253.76,11568131.14,11816166.72,,,,28314286.61,29335163.98,29590383.33,-5056797.265,-4035919.89,-3780700.546,4777760.402,5798637.778,6052865.16,10547253.76,11568131.14,11669641.59
137,28431317.44,29452194.81,29707414.15,-4979062.486,-3958185.11,-3702965.767,4792975.216,5813852.592,6069071.936,10398272.63,11419150,11674369.35,,,,28431317.44,29452194.81,29707414.15,-4979062.486,-3958185.11,-3702965.767,4792975.216,5813852.592,6069071.936,10398272.63,11419150,11545138.82
138,28526230.68,29547108.05,29802327.39,-4838003.391,-3817126.015,-3561906.672,4842122.035,5862999.411,6111061.993,10258123.05,11279000.43,11524054.07,,,,28526230.68,29547108.05,29802327.39,-4838003.391,-3817126.015,-3561906.672,4842122.035,5862999.411,6097379.493,10258123.05,11279000.43,11410003.42
139,28665466.62,29686344,29941563.34,-4692373.554,-3671496.178,-3416276.834,4893454.368,5914331.743,6131485.867,10084027.08,11104904.46,11351687.66,,,,28665466.62,29686344,29941563.34,-4692373.554,-3671496.178,-3416276.834,4893454.368,5914331.743,6113242.534,10084027.08,11104904.46,11264235.38
140,28796366.03,29817243.4,30072462.75,-4616200.007,-3595322.631,-3340103.287,4927561.81,5948439.185,6130343.559,9942447.78,10963325.16,11157270.11,,,,28796366.03,29817243.4,30072462.75,-4616200.007,-3595322.631,-3340103.287,4927561.81,5948439.185,6116661.059,9942447.78,10963325.16,11107834.71
141,28976694.16,29997571.54,30252790.88,-4478927.791,-3458050.416,-3202831.072,4831538.348,5852415.724,6107635.068,9664704.693,10685582.07,10940801.41,,,,28976694.16,29997571.54,30252790.88,-4478927.791,-3458050.416,-3202831.072,4831538.348,5852415.724,6107635.068,9664704.693,10685582.07,10940801.41
142,29120461.64,30141339.01,30396558.36,-4361988.636,-3341111.26,-3085891.916,4859185.917,5880063.293,6131152.445,9557634.788,10578512.16,10816863.54,,,,29120461.64,30141339.01,30396558.36,-4361988.636,-3341111.26,-3085891.916,4859185.917,5880063.293,6117469.945,9557634.788,10578512.16,10811154.29
143,29339805.1,30360682.48,30615901.82,-4261339.311,-3240461.935,-2985242.591,4911390.493,5932267.869,6133103.64,9394777.806,10415655.18,10670874.53,,,,29339805.1,30360682.48,30615901.82,-4261339.311,-3240461.935,-2985242.591,4911390.493,5932267.869,6114860.307,9394777.806,10415655.18,10670874.53
144,29501492.52,30522369.9,30777589.24,-4163370.725,-3142493.349,-2887274.006,4871883.888,5892761.263,6113488.652,9252886.503,10273763.88,10528983.22,,,,29501492.52,30522369.9,30777589.24,-4163370.725,-3142493.349,-2887274.006,4871883.888,5892761.263,6099806.152,9252886.503,10273763.88,10528983.22
145,29645797.51,30666674.88,30921894.23,-4032861.801,-3011984.426,-2756765.082,4796210.762,5817088.137,6072307.481,9162132.606,10183009.98,10391355.36,,,,29645797.51,30666674.88,30921894.23,-4032861.801,-3011984.426,-2756765.082,4796210.762,5817088.137,6072307.481,9162132.606,10183009.98,10385646.1
146,29906669.5,30927546.88,31182766.22,-4048508.62,-3027631.245,-2772411.901,4852049.739,5872927.115,6115346.619,8955579.634,9976457.009,10231676.35,,,,29906669.5,30927546.88,31182766.22,-4048508.62,-3027631.245,-2772411.901,4852049.739,5872927.115,6110785.786,8955579.634,9976457.009,10231676.35
147,30111380.03,31132257.41,31387476.75,-4000091.424,-2979214.048,-2723994.704,4860722.855,5881600.23,6136819.574,8843789.287,9864666.663,10119886.01,,,,30111380.03,31132257.41,31387476.75,-4000091.424,-2979214.048,-2723994.704,4860722.855,5881600.23,6136819.574,8843789.287,9864666.663,10116209.07
148,30217362.53,31238239.9,31493459.25,-3954423.883,-2933546.508,-2678327.164,5010730.226,6031607.601,6160825.087,8714012.434,9734889.81,9990109.154,,,,30217362.53,31238239.9,31493459.25,-3954423.883,-2933546.508,-2678327.164,5010730.226,6031607.601,6156264.254,8714012.434,9734889.81,9990109.154
149,30367801.46,31388678.83,31643898.17,-3928794.708,-2907917.332,-2652697.988,4887167.698,5908045.074,6163264.418,8639419.273,9660296.648,9897836.91,,,,30367801.46,31388678.83,31643898.17,-3928794.708,-2907917.332,-2652697.988,4887167.698,5908045.074,6163264.418,8639419.273,9660296.648,9892127.657
150,30503986.62,31524864,31780083.34,-3893191.231,-2872313.855,-2617094.511,4988349.617,6009226.992,6247698.079,8507416.807,9528294.183,9783513.527,,,,30503986.62,31524864,31780083.34,-3893191.231,-2872313.855,-2617094.511,4988349.617,6009226.992,6241453.144,8507416.807,9528294.183,9783513.527
151,30690127.52,31711004.89,31966224.24,-3853463.842,-2832586.466,-2577367.122,5034468.839,6055346.214,6310565.558,8445816.865,9466694.241,9721913.585,,,,30690127.52,31711004.89,31966224.24,-3853463.842,-2832586.466,-2577367.122,5034468.839,6055346.214,6307197.355,8445816.865,9466694.241,9714189.798
152,30854361.69,31875239.06,32130458.41,-3808153.198,-2787275.822,-2532056.478,5097808.922,6118686.297,6366741.985,8363397.259,9384274.635,9639493.979,,,,30854361.69,31875239.06,32130458.41,-3808153.198,-2787275.822,-2532056.478,5097808.922,6118686.297,6360497.05,8363397.259,9384274.635,9634233.435
153,30921722.91,31942600.28,32197819.63,-3848083.839,-2827206.464,-2571987.12,5125255.509,6146132.885,6401352.228,8267547.719,9288425.095,9543644.439,,,,30921722.91,31942600.28,32197819.63,-3848083.839,-2827206.464,-2571987.12,5125255.509,6146132.885,6401352.228,8267547.719,9288425.095,9543644.439
154,31162862.11,32183739.48,32438958.83,-3809593.999,-2788716.623,-2533497.28,5226503.315,6247380.691,6442727.885,8197599.106,9218476.481,9473695.825,,,,31162862.11,32183739.48,32438958.83,-3809593.999,-2788716.623,-2533497.28,5226503.315,6247380.691,6438167.052,8197599.106,9218476.481,9473695.825
155,31314415.98,32335293.35,32590512.7,-3803445.068,-2782567.693,-2527348.349,5186440.64,6207318.015,6462537.359,8234274.038,9255151.414,9467112.984,,,,31314415.98,32335293.35,32590512.7,-3803445.068,-2782567.693,-2527348.349,5186440.64,6207318.015,6462537.359,8234274.038,9255151.414,9455694.478
156,31494764.61,32515641.99,32770861.33,-3749959.573,-2729082.197,-2473862.853,5290881.199,6311758.574,6539695.53,8164018.86,9184896.235,9438479.003,,,,31494764.61,32515641.99,32770861.33,-3749959.573,-2729082.197,-2473862.853,5290881.199,6311758.574,6530573.863,8164018.86,9184896.235,9427060.497
157,31774779.55,32795656.93,33050876.27,-3665475.871,-2644598.496,-2389379.152,5354209.633,6375087.008,6595287.518,8111697.164,9132574.539,9387793.883,,,,31774779.55,32795656.93,33050876.27,-3665475.871,-2644598.496,-2389379.152,5354209.633,6375087.008,6586165.852,8111697.164,9132574.539,9387793.883
158,32055391.38,33076268.75,33331488.1,-3624452.938,-2603575.563,-2348356.219,5353216.604,6374093.98,6629313.324,8135080.604,9155957.98,9411177.323,,,,32055391.38,33076268.75,33331488.1,-3624452.938,-2603575.563,-2348356.219,5353216.604,6374093.98,6629313.324,8135080.604,9155957.98,9411177.323
159,32096258.15,33117135.53,33372354.87,-3612049.574,-2591172.198,-2335952.854,5483555.457,6504432.833,6741972.204,8202216.078,9223093.454,9470236.226,,,,32096258.15,33117135.53,33372354.87,-3612049.574,-2591172.198,-2335952.854,5483555.457,6504432.833,6737411.37,8202216.078,9223093.454,9458817.72
160,32407160.91,33428038.28,33683257.63,-3593523.137,-2572645.761,-2317426.417,5556968.182,6577845.557,6833064.901,8300201.755,9321079.131,9507243.99,,,,32407160.91,33428038.28,33683257.63,-3593523.137,-2572645.761,-2317426.417,5556968.182,6577845.557,6833064.901,8300201.755,9321079.131,9495825.484
161,32741624.21,33762501.59,34017720.93,-3540038.164,-2519160.789,-2263941.445,5695261.634,6716139.009,6971358.353,8246103.894,9266981.27,9522200.614,,,,32741624.21,33762501.59,34017720.93,-3540038.164,-2519160.789,-2263941.445,5695261.634,6716139.009,6971358.353,8246103.894,9266981.27,9522200.614
162,33004059.28,34024936.66,34280156,-3522721.865,-2501844.49,-2246625.146,5870416.652,6891294.027,7146513.371,8337894.928,9358772.304,9613991.648,,,,33004059.28,34024936.66,34280156,-3522721.865,-2501844.49,-2246625.146,5870416.652,6891294.027,7143866.291,8337894.928,9358772.304,9613991.648
163,33223487.13,34244364.51,34499583.85,-3436883.99,-2416006.614,-2160787.271,6064988.285,7085865.661,7309814.087,8468879.406,9489756.781,9711031.062,,,,33223487.13,34244364.51,34499583.85,-3436883.99,-2416006.614,-2160787.271,6064988.285,7085865.661,7303929.714,8468879.406,9489756.781,9705321.809
164,33584184.28,34605061.65,34860281,-3441822.46,-2420945.085,-2165725.741,6175451.901,7196329.276,7451548.62,8509922.618,9530799.993,9786019.337,,,,33584184.28,34605061.65,34860281,-3441822.46,-2420945.085,-2165725.741,6175451.901,7196329.276,7451548.62,8509922.618,9530799.993,9786019.337
165,33873196.22,34894073.59,35149292.94,-3368459.502,-2347582.126,-2092362.782,6535305.365,7556182.74,7729560.65,8608800.899,9629678.274,9884897.618,,,,33873196.22,34894073.59,35149292.94,-3368459.502,-2347582.126,-2092362.782,6535305.365,7556182.74,7720438.983,8608800.899,9629678.274,9884897.618
166,34206736.6,35227613.98,35482833.32,-3385949.7,-2365072.324,-2109852.981,6727993.988,7748871.363,7986006.497,8722588.503,9743465.878,9998685.222,,,,34206736.6,35227613.98,35482833.32,-3385949.7,-2365072.324,-2109852.981,6727993.988,7748871.363,7976884.83,8722588.503,9743465.878,9998685.222
167,34641616.55,35662493.93,35917713.27,-3405397,-2384519.624,-2129300.281,6944789.442,7965666.817,8220886.161,8840428.248,9861305.623,10110894.22,,,,34641616.55,35662493.93,35917713.27,-3405397,-2384519.624,-2129300.281,6944789.442,7965666.817,8220886.161,8840428.248,9861305.623,10105184.97
168,34988383.13,36009260.51,36264479.85,-3386309.302,-2365431.926,-2110212.583,7382519.759,8403397.134,8629000.556,8924955.355,9945832.731,10201052.07,,,,34988383.13,36009260.51,36264479.85,-3386309.302,-2365431.926,-2110212.583,7382519.759,8403397.134,8624439.723,8924955.355,9945832.731,10201052.07
169,35407416.52,36428293.9,36683513.24,-3490488.58,-2469611.204,-2214391.86,7739452.049,8760329.425,9015548.769,9078854.488,10099731.86,10314230.37,,,,35407416.52,36428293.9,36683513.24,-3490488.58,-2469611.204,-2214391.86,7739452.049,8760329.425,9015548.769,9078854.488,10099731.86,10302289.71
170,35876416.74,36897294.12,37152513.46,-3447521.559,-2426644.184,-2171424.84,8131851.234,9152728.61,9407947.954,9134567.938,10155445.31,10405357.53,,,,35876416.74,36897294.12,37152513.46,-3447521.559,-2426644.184,-2171424.84,8131851.234,9152728.61,9407947.954,9134567.938,10155445.31,10392894.71
171,36239536.58,37260413.96,37515633.3,-3450139.588,-2429262.212,-2174042.869,8589334.807,9610212.182,9832425.475,9198336.835,10219214.21,10474433.55,,,,36239536.58,37260413.96,37515633.3,-3450139.588,-2429262.212,-2174042.869,8589334.807,9610212.182,9827864.642,9198336.835,10219214.21,10472867.08
172,36759639.87,37780517.24,38035736.59,-3476885.436,-2456008.061,-2200788.717,8959240.094,9980117.469,10235336.81,9266110.094,10286987.47,10542206.81,,,,36759639.87,37780517.24,38035736.59,-3476885.436,-2456008.061,-2200788.717,8959240.094,9980117.469,10235336.81,9266110.094,10286987.47,10542206.81
173,37241842.38,38262719.76,38517939.1,-3615222.407,-2594345.032,-2339125.688,9376939.292,10397816.67,10653036.01,9346919.321,10367796.7,10623016.04,,,,37241842.38,38262719.76,38517939.1,-3615222.407,-2594345.032,-2339125.688,9376939.292,10397816.67,10653036.01,9346919.321,10367796.7,10623016.04
174,37665481.1,38686358.47,38941577.82,-3589854.312,-2568976.936,-2313757.593,9908344.869,10929222.24,11184441.59,9505354.177,10526231.55,10750855.71,,,,37665481.1,38686358.47,38941577.82,-3589854.312,-2568976.936,-2313757.593,9908344.869,10929222.24,11184441.59,9505354.177,10526231.55,10745146.46
175,38073866.23,39094743.6,39349962.94,-3638130.796,-2617253.421,-2362034.077,10476306.24,11497183.61,11752402.96,9580547.518,10601424.89,10856644.24,,,,38073866.23,39094743.6,39349962.94,-3638130.796,-2617253.421,-2362034.077,10476306.24,11497183.61,11752402.96,9580547.518,10601424.89,10856644.24
176,38586445.35,39607322.72,39862542.07,-3657546.398,-2636669.023,-2381449.679,11045933.13,12066810.51,12322029.85,9721960.557,10742837.93,10998057.28,,,,38586445.35,39607322.72,39862542.07,-3657546.398,-2636669.023,-2381449.679,11045933.13,12066810.51,12322029.85,9721960.557,10742837.93,10998057.28
177,39027695.69,40048573.07,40303792.41,-3596782.659,-2575905.284,-2320685.94,11712676.8,12733554.18,12988773.52,9923280.118,10944157.49,11160798.05,,,,39027695.69,40048573.07,40303792.41,-3596782.659,-2575905.284,-2320685.94,11712676.8,12733554.18,12988773.52,9923280.118,10944157.49,11155088.79
178,39481231.65,40502109.02,40757328.37,-3465527.46,-2444650.084,-2189430.74,12433498.94,13454376.31,13693785.6,10025390.96,11046268.34,11301487.68,,,,39481231.65,40502109.02,40757328.37,-3465527.46,-2444650.084,-2189430.74,12433498.94,13454376.31,13689224.76,10025390.96,11046268.34,11301487.68
179,39857337.6,40878214.97,41133434.32,-3353674.873,-2332797.497,-2077578.153,13101134.78,14122012.15,14377231.49,10272875.1,11293752.48,11543911.79,,,,39857337.6,40878214.97,41133434.32,-3353674.873,-2332797.497,-2077578.153,13101134.78,14122012.15,14377231.49,10272875.1,11293752.48,11532493.29
180,40356712.73,41377590.11,41632809.45,-3095150.408,-2074273.032,-1819053.689,14114368.45,15135245.82,15294173.45,10495269.54,11516146.92,11764284.77,,,,40356712.73,41377590.11,41632809.45,-3095150.408,-2074273.032,-1819053.689,14114368.45,15135245.82,15298751.32,10495269.54,11516146.92,11752866.26
181,40774452.39,41795329.76,42050549.11,-2918323.601,-1897446.225,-1642226.881,14969513.27,15990390.65,16189549.23,10686509.89,11707387.26,11962606.61,,,,40774452.39,41795329.76,42050549.11,-2918323.601,-1897446.225,-1642226.881,14969513.27,15990390.65,16207826.62,10686509.89,11707387.26,11962606.61
182,41184614.86,42205492.23,42460711.58,-2684491.093,-1663613.717,-1408394.373,15828360.69,16849238.06,17063358.82,10944441.98,11965319.36,12218797.37,,,,41184614.86,42205492.23,42460711.58,-2684491.093,-1663613.717,-1408394.373,15828360.69,16849238.06,17104457.41,10944441.98,11965319.36,12213088.11
183,41575999.63,42596877.01,42852096.35,-2554841.767,-1533964.392,-1278745.048,16813192.16,17834069.54,17915602.23,11176840.27,12197717.65,12452936.99,,,,41575999.63,42596877.01,42852096.35,-2554841.767,-1533964.392,-1278745.048,16813192.16,17834069.54,17992737.06,11176840.27,12197717.65,12452936.99
184,41978007.25,42998884.63,43254103.97,-2332891.833,-1312014.458,-1056795.114,17665239.74,18686117.12,18746279.45,11486261.34,12507138.71,12746618.63,,,,41978007.25,42998884.63,43254103.97,-2332891.833,-1312014.458,-1056795.114,17665239.74,18686117.12,18868572.21,11486261.34,12507138.71,12740909.38
185,42486702.16,43507579.54,43762798.88,-2062447.739,-1041570.364,-786351.0196,18625674.63,19646552.01,19555390.5,11742152.42,12763029.8,13018249.14,,,,42486702.16,43507579.54,43762798.88,-2062447.739,-1041570.364,-786351.0196,18625674.63,19646552.01,19731962.83,11742152.42,12763029.8,13018249.14
186,42911091.69,43931969.07,44187188.41,-1622603.181,-601725.806,-346506.4621,19619855.79,20640733.17,20342935.36,12075734.36,13096611.73,13351831.08,,,,42911091.69,43931969.07,44187188.41,-1622603.181,-601725.806,-346506.4621,19619855.79,20640733.17,20582908.94,12075734.36,13096611.73,13351831.08
187,43291961.72,44312839.09,44568058.44,-1255125.682,-234248.3064,20971.03745,20602139.12,21623016.49,21108914.04,12418882.45,13439759.82,13694979.16,,,,43291961.72,44312839.09,44568058.44,-1255125.682,-234248.3064,20971.03745,20602139.12,21623016.49,21421410.53,12418882.45,13439759.82,13694979.16
188,43576008.81,44596886.19,44852105.53,-788919.1508,231958.2247,487177.5686,21542522.9,22563400.28,21853326.53,12828977.65,13849855.03,14073994.75,,,,43576008.81,44596886.19,44852105.53,-788919.1508,231958.2247,487177.5686,21542522.9,22563400.28,22247467.6,12828977.65,13849855.03,14068285.5
189,43930960.58,44951837.95,45207057.3,-405975.1416,614902.2339,870121.5778,22606546.22,23627423.6,22576172.85,13154862.47,14175739.85,14430959.19,,,,43930960.58,44951837.95,45207057.3,-405975.1416,614902.2339,870121.5778,22606546.22,23627423.6,23061080.16,13154862.47,14175739.85,14430959.19
190,44180357.2,45201234.58,45456453.92,-84877.91992,935999.4556,1191218.799,23525580.64,24546458.02,23277452.97,13520835.4,14541712.78,14796932.12,,,,44180357.2,45201234.58,45456453.92,-84877.91992,935999.4556,1191218.799,23525580.64,24546458.02,23862248.21,13520835.4,14541712.78,14796932.12
191,44395173.04,45416050.42,45671269.76,345562.9896,1366440.365,1621659.709,24309725.48,25330602.85,23957166.92,13941969.79,14962847.17,15218066.51,,,,44395173.04,45416050.42,45671269.76,345562.9896,1366440.365,1621659.709,24309725.48,25330602.85,24650971.73,13941969.79,14962847.17,15218066.51
192,44943679.03,45964556.4,46219775.75,834972.9049,1855850.28,2111069.624,25427250.75,26448128.12,24615314.69,14466417.91,15487295.28,15673153.18,,,,44943679.03,45964556.4,46219775.75,834972.9049,1855850.28,2111069.624,25427250.75,26448128.12,25427250.75,14466417.91,15487295.28,15661734.67
193,45167653.53,46188530.91,46443750.25,1248188.941,2269066.317,2524285.661,26117706.15,27138583.52,25251896.27,14836588.83,15857466.2,16106188.7,,,,45167653.53,46188530.91,46443750.25,1248188.941,2269066.317,2524285.661,26117706.15,27138583.52,26143329.98,14836588.83,15857466.2,16094770.2
194,45432995.99,46453873.37,46709092.71,1662807.989,2683685.364,2938904.708,26846964.69,27867842.07,25866911.67,15241076.37,16261953.75,16517173.09,,,,45432995.99,46453873.37,46709092.71,1662807.989,2683685.364,2938904.708,26846964.69,27867842.07,26846964.69,15241076.37,16261953.75,16517173.09
195,45711012.74,46731890.11,46987109.46,2124934.945,3145812.32,3401031.664,27499645.98,28520523.35,26460360.88,15746227.97,16767105.34,17010009.57,,,,45711012.74,46731890.11,46987109.46,2124934.945,3145812.32,3401031.664,27499645.98,28520523.35,27499645.98,15746227.97,16767105.34,17002375.6
196,45995443.07,47016320.44,47271539.79,2505337.958,3526215.334,3781434.677,28103747.12,29124624.49,27032243.91,16204698.19,17225575.57,17480794.91,,,,45995443.07,47016320.44,47271539.79,2505337.958,3526215.334,3781434.677,28103747.12,29124624.49,28103747.12,16204698.19,17225575.57,17476945.48
197,46203764.64,47224642.01,47479861.36,2894282.913,3915160.288,4170379.632,28572219.28,29593096.66,27582560.76,16664786.01,17685663.39,17940882.73,,,,46203764.64,47224642.01,47479861.36,2894282.913,3915160.288,4170379.632,28572219.28,29593096.66,28692941.39,16664786.01,17685663.39,17940882.73
198,46655318.88,47676196.26,47931415.6,3321353.508,4342230.884,4597450.228,29269691.14,30290568.51,28111311.43,17253492.66,18274370.03,18529589.38,,,,46655318.88,47676196.26,47931415.6,3321353.508,4342230.884,4597450.228,29269691.14,30290568.51,29269691.14,17253492.66,18274370.03,18523528.07
199,46976982.28,47997859.66,48253079,3828982.902,4849860.277,5105079.621,29828131.64,30849009.02,28618495.92,17829286.52,18850163.9,19104280.68,,,,46976982.28,47997859.66,48253079,3828982.902,4849860.277,5105079.621,29828131.64,30849009.02,29828131.64,17829286.52,18850163.9,19095540.77
200,47200091.42,48220968.8,48476188.14,4338555.078,5359432.454,5614651.798,30318815.97,31339693.35,29104114.22,18380824.12,19401701.5,19656920.84,,,,47200091.42,48220968.8,48476188.14,4338555.078,5359432.454,5614651.798,30318815.97,31339693.35,30333516.31,18380824.12,19401701.5,19656920.84
201,47526781.12,48547658.5,48802877.84,4957316.912,5978194.287,6233413.631,30826456.46,31847333.84,29568166.34,18983710.51,20004587.89,20259807.23,,,,47526781.12,48547658.5,48802877.84,4957316.912,5978194.287,6233413.631,30826456.46,31847333.84,30826456.46,18983710.51,20004587.89,20259807.23
202,47871281.63,48892159,49147378.35,5406444.801,6427322.176,6682541.52,31191371.66,32212249.04,30010652.27,19609422.83,20630300.21,20885519.55,,,,47871281.63,48892159,49147378.35,5406444.801,6427322.176,6682541.52,31191371.66,32212249.04,31247842.14,19609422.83,20630300.21,20885519.55
203,48166028.54,49186905.91,49442125.26,5968628.787,6989506.163,7244725.507,31595089.51,32615966.88,30431572.03,20259362.73,21280240.1,21535459.44,,,,48166028.54,49186905.91,49442125.26,5968628.787,6989506.163,7244725.507,31595089.51,32615966.88,31656783.3,20259362.73,21280240.1,21535459.44
204,48659069.1,49679946.48,49935165.82,6721443.982,7742321.358,7997540.702,32053279.95,33074157.33,30830925.6,21208463.48,22229340.86,22260330.81,,,,48659069.1,49679946.48,49609528.19,6721443.982,7742321.358,7997540.702,32053279.95,33074157.33,32053279.95,21208463.48,22229340.86,22231701.8
205,49059066.83,50079944.2,50335163.55,7414065.431,8434942.806,8690162.15,32201198.64,33222076.02,31208712.99,21859709.27,22880586.65,22963151.03,,,,49059066.83,50079944.2,49609528.19,7414065.431,8434942.806,8690162.15,32201198.64,33222076.02,32282445.95,21859709.27,22880586.65,22917311.51
206,49491628.16,50512505.53,50767724.88,8126182.656,9147060.031,9402279.375,32476411.1,33497288.47,31564934.19,22669834.24,23690711.61,23643920.12,,,,49491628.16,50512505.53,49609528.19,8126182.656,9147060.031,9402279.375,32476411.1,33497288.47,32499167.43,22669834.24,23690711.61,23592288.6
207,49876901.19,50897778.56,51152997.91,8878129.123,9899006.499,10154225.84,32659037.63,33679915.01,31899589.21,23470501.54,24491378.91,24302638.06,,,,49876901.19,50897778.56,49876901.19,8878129.123,9899006.499,10154225.84,32659037.63,33679915.01,32703444.39,23470501.54,24491378.91,24256633.05
208,50273839.98,51294717.35,51235055.16,9533672.804,10554550.18,10809769.52,32846701.65,33867579.02,32212678.05,24205946.9,25226824.28,24939304.86,,,,50273839.98,51294717.35,50273839.98,9533672.804,10554550.18,10809769.52,32846701.65,33867579.02,32895276.84,24205946.9,25226824.28,24910344.86
209,50590219.18,51611096.56,51235055.16,10224027.48,11244904.85,11500124.2,32938814.91,33959692.29,32504200.71,24949490.28,25970367.65,25553920.53,,,,50590219.18,51611096.56,50590219.18,10224027.48,11244904.85,11500124.2,32938814.91,33959692.29,33074664.77,24949490.28,25970367.65,25553424.05
210,51007270.8,52028148.17,51235055.16,10956411.73,11977289.1,12232508.45,33085176.45,34106053.82,32774157.18,25810212.56,26831089.94,26146485.06,,,,51007270.8,52028148.17,51007270.8,10956411.73,11977289.1,12232508.45,33085176.45,34106053.82,33241608.18,25810212.56,26831089.94,26185870.6
211,51391921,52412798.38,51235055.16,11680621.18,12701498.55,12956717.9,33202053.13,34222930.5,33022547.47,26521176.15,27542053.53,26716998.44,,,,51391921,52412798.38,51391921,11680621.18,12701498.55,12956717.9,33202053.13,34222930.5,33396107.08,26521176.15,27542053.53,26807684.51
212,51774547.45,52795424.83,51235055.16,12290753.83,13311631.21,13566850.55,33272219.69,34293097.06,33249371.58,27231118.08,28251995.45,27265460.69,,,,51774547.45,52795424.83,51774547.45,12290753.83,13311631.21,13566850.55,33272219.69,34293097.06,33538161.46,27231118.08,28251995.45,27418865.8
213,52160162.32,53181039.7,51235055.16,12940392.41,13961269.79,14216489.13,33312779.63,34333657.01,33454629.51,27913338.97,28934216.35,27791871.8,,,,52160162.32,53181039.7,52160162.32,12940392.41,13961269.79,14216489.13,33312779.63,34333657.01,33667771.33,27913338.97,28934216.35,28019414.45
214,52368176.29,53389053.66,51235055.16,13634056.59,14654933.96,14910153.31,33346778.28,34367655.66,33638321.25,28447056.73,29467934.11,28296231.76,,,,52368176.29,53389053.66,52368176.29,13634056.59,14654933.96,14910153.31,33346778.28,34367655.66,33784936.68,28447056.73,29467934.11,28609330.46
215,52736892.95,53757770.33,51460796.23,14151314.98,15172192.36,15427411.7,33356389.45,34377266.83,33800446.81,29025133.67,30046011.05,28778540.59,,,,52736892.95,53757770.33,52736892.95,14151314.98,15172192.36,15427411.7,33356389.45,34377266.83,33889657.51,29025133.67,30046011.05,29188613.84
216,53160137.88,54181015.26,51884041.16,14914750.53,15935627.9,16190847.25,33396307.72,34417185.09,33941006.19,29757264.59,30778141.97,29238798.28,,,,53160137.88,54181015.26,53160137.88,14914750.53,15935627.9,16190847.25,33396307.72,34417185.09,33981933.83,29757264.59,30778141.97,29757264.59
217,53514953.03,54535830.4,52238856.31,15382903.69,16403781.07,16659000.41,33415415.83,34436293.2,34059999.38,30111798.57,31132675.95,29677004.83,,,,53514953.03,54535830.4,53514953.03,15382903.69,16403781.07,16659000.41,33415415.83,34436293.2,34061765.63,30111798.57,31132675.95,30111798.57
218,53735716.85,54756594.22,52459620.13,15811164.39,16832041.76,17087261.11,33437606.8,34458484.17,34157426.39,30404286.63,31425164,30093160.24,,,,53735716.85,54756594.22,53735716.85,15811164.39,16832041.76,17087261.11,33437606.8,34458484.17,34129152.92,30404286.63,31425164,30411060.41
219,53986640.93,55007518.3,52710544.21,16199002.66,17219880.03,17475099.38,33438977.95,34459855.33,34233287.22,30699689.62,31720567,30487264.51,,,,53986640.93,55007518.3,53986640.93,16199002.66,17219880.03,17475099.38,33438977.95,34459855.33,34184095.69,30699689.62,31720567,30699689.62
220,54087997.18,55108874.55,52811900.46,16441020.5,17461897.88,17717117.22,33280761.35,34301638.73,34287581.87,30864024.76,31884902.13,30859317.64,,,,54087997.18,55108874.55,54087997.18,16441020.5,17461897.88,17717117.22,33280761.35,34301638.73,34226593.94,30864024.76,31884902.13,30950448.89
221,54162167.48,55183044.86,52886070.77,16761588.75,17782466.13,18037685.47,33219041.68,34239919.05,34320310.33,31055323.09,32076200.46,31209319.63,,,,54162167.48,55183044.86,54162167.48,16761588.75,17782466.13,18037685.47,33219041.68,34239919.05,34256647.68,31055323.09,32076200.46,31190575.52
222,54288316.44,55309193.81,53012219.72,17064162.4,18085039.77,18340259.12,33122322.81,34143200.19,34331472.61,31245217.48,32266094.85,31537270.48,,,,54288316.44,55309193.81,54288316.44,17064162.4,18085039.77,18330356.85,33122322.81,34143200.19,34274256.9,31245217.48,32266094.85,31420069.53
223,54304429.97,55325307.35,53028333.25,17386483.54,18407360.92,18662580.26,33180905.54,34201782.91,34321068.71,31402435.08,32423312.45,31843170.19,,,,54304429.97,55325307.35,54304429.97,17386483.54,18407360.92,18330356.85,33180905.54,34201782.91,34279421.61,31402435.08,32423312.45,31638930.89
224,54339781.68,55360659.05,53063684.96,17678716.75,18699594.13,18954813.47,33013001.91,34033879.28,34289098.63,31568029.35,32588906.73,32127018.76,,,,54339781.68,55360659.05,54339781.68,17678716.75,18699594.13,18330356.85,33013001.91,34033879.28,34272141.8,31568029.35,32588906.73,31847159.63
225,54322790.32,55343667.69,53046693.6,17958125.84,18979003.21,19192314.04,32976320.75,33997198.13,34252417.47,31765505.81,32786383.19,32388816.19,,,,54322790.32,55343667.69,54322790.32,17958125.84,18979003.21,18330356.85,32976320.75,33997198.13,34252417.47,31765505.81,32786383.19,32044755.73
226,54221103.6,55241980.98,52945006.88,18198886.86,19219764.24,19192314.04,33002591.37,34023468.74,34245134.82,31924637.47,32945514.84,32628562.49,,,,54221103.6,55241980.98,54221103.6,18198886.86,19219764.24,18330356.85,33002591.37,34023468.74,34240573.98,31924637.47,32945514.84,32231719.19
227,54097645.53,55118522.91,52821548.81,18520160.07,19541037.44,19192314.04,32940189.26,33961066.64,34216285.98,32063325.28,33084202.66,32846257.64,,,,54097645.53,55118522.91,54097645.53,18520160.07,19541037.44,18520160.07,32940189.26,33961066.64,34216285.98,32063325.28,33084202.66,32408050.02
228,53988337.69,55009215.06,52712240.97,18715187.86,19736065.24,19192314.04,32948406.82,33969284.19,34191139.89,32261469.04,33282346.42,33041901.65,,,,53988337.69,55009215.06,53988337.69,18715187.86,19736065.24,18715187.86,32948406.82,33969284.19,34186579.06,32261469.04,33282346.42,32573748.22
229,53732882.51,54753759.88,52456785.79,18884871.14,19905748.52,19192314.04,32868330.9,33889208.28,34144427.62,32271832.28,33292709.65,33215494.53,,,,53732882.51,54753759.88,53732882.51,18884871.14,19905748.52,18884871.14,32868330.9,33889208.28,34144427.62,32271832.28,33292709.65,32728813.79
230,53415557.72,54436435.09,52139461,19008749.96,20029627.34,19192314.04,32854927.81,33875805.19,34102979.89,32347971.89,33368849.27,33367036.26,,,,53415557.72,54436435.09,53415557.72,19008749.96,20029627.34,19008749.96,32854927.81,33875805.19,34098419.05,32347971.89,33368849.27,32873246.72
231,53178295.51,54199172.89,51902198.79,19180176.34,20201053.71,19192314.04,32763869.25,33784746.62,34039965.97,32300732.6,33321609.97,33496526.86,,,,53178295.51,54199172.89,53178295.51,19180176.34,20201053.71,19180176.34,32763869.25,33784746.62,34039965.97,32300732.6,33321609.97,33007047.02
232,52939401.81,53960279.19,51663305.09,19204051.41,20224928.79,19192314.04,32723983.74,33744861.11,34000080.45,32373745.4,33394622.77,33603966.31,,,,52939401.81,53960279.19,52939401.81,19204051.41,20224928.79,19204051.41,32723983.74,33744861.11,33995868.59,32373745.4,33394622.77,33130214.69
233,52664625.4,53685502.78,51388528.69,19262584.69,20283462.07,19192314.04,32728268.33,33749145.7,33981314.01,32471683.49,33492560.86,33689354.63,,,,52664625.4,53685502.78,52664625.4,19262584.69,20283462.07,19262584.69,32728268.33,33749145.7,33939326.7,32471683.49,33492560.86,33242749.72
234,52301373.68,53322251.06,51235055.16,19372859.31,20393736.68,19192314.04,32664884.66,33685762.04,33940981.38,32476595.09,33497472.46,33752691.81,,,,52301373.68,53322251.06,52301373.68,19372859.31,20393736.68,19372859.31,32664884.66,33685762.04,33870340.29,32476595.09,33497472.46,33344652.12
235,51902853.01,52923730.39,51235055.16,19480220.24,20501097.62,19192314.04,32640262.95,33661140.32,33886769.96,32582619.45,33603496.83,33835772.16,,,,51902853.01,52923730.39,51902853.01,19480220.24,20501097.62,19480220.24,32640262.95,33661140.32,33788909.37,32582619.45,33603496.83,33435921.88
236,51663758.05,52684635.42,51235055.16,19596643.79,20617521.17,19192314.04,32548724.95,33569602.33,33810992.35,32620704.65,33641582.03,33896801.37,,,,51663758.05,52684635.42,51663758.05,19596643.79,20617521.17,19596643.79,32548724.95,33569602.33,33695033.93,32620704.65,33641582.03,33516559.01
237,51413251.07,52434128.45,51235055.16,19634725.98,20655603.36,19192314.04,32437551.85,33458429.22,33713648.57,32733055.67,33753933.04,34003835.23,,,,51413251.07,52434128.45,51413251.07,19634725.98,20655603.36,19634725.98,32437551.85,33458429.22,33588713.97,32733055.67,33753933.04,33586563.51
238,51112872.7,52133750.08,51235055.16,19862786.52,20883663.89,19192314.04,32365753.79,33386631.17,33610763.41,32817739.28,33838616.65,34088817.94,,,,51112872.7,52133750.08,51112872.7,19862786.52,20883663.89,19862786.52,32365753.79,33386631.17,33469949.5,32817739.28,33838616.65,33645935.37
239,50861217.29,51882094.66,51235055.16,19896024.31,20916901.69,19192314.04,32210215.35,33231092.73,33486312.07,32875652.8,33896530.18,34151749.52,,,,50861217.29,51882094.66,50861217.29,19896024.31,20916901.69,19896024.31,32210215.35,33231092.73,33338740.51,32875652.8,33896530.18,33694674.6
240,50687497.08,51708374.45,51235055.16,20018637.4,21039514.78,19192314.04,32101490.97,33122368.35,33352368.13,32961053.58,33981930.96,34212308.72,,,,50687497.08,51708374.45,50687497.08,20018637.4,21039514.78,20018637.4,32101490.97,33122368.35,33195087,32961053.58,33981930.96,33732781.2
241,50433189.02,51454066.39,51235055.16,20083476.22,21104353.59,19192314.04,31933294.53,32954171.9,33196858.01,32974720.05,33995597.43,34250816.77,,,,50433189.02,51454066.39,50433189.02,20083476.22,21104353.59,20083476.22,31933294.53,32954171.9,33038988.98,32974720.05,33995597.43,33760255.17
242,50328857.07,51349734.45,51235055.16,20185233.61,21206110.99,19192314.04,31748739.9,32769617.28,33019781.7,33062826.18,34083703.55,34281526.58,,,,50328857.07,51349734.45,50328857.07,20185233.61,21206110.99,20185233.61,31748739.9,32769617.28,32870446.45,33062826.18,34083703.55,33777096.5
243,50221311.46,51242188.84,51235055.16,20164492.59,21185369.97,19192314.04,31587048.77,32607926.14,32821139.22,33038416.14,34059293.52,34290185.25,,,,50221311.46,51242188.84,50221311.46,20164492.59,21185369.97,20164492.59,31587048.77,32607926.14,32689459.39,33038416.14,34059293.52,33783305.19
244,50166789.02,51187666.4,51235055.16,20179085.57,21199962.94,19192314.04,31324833.83,32345711.2,32600930.55,33022498.38,34043375.75,34276792.78,,,,50166789.02,51187666.4,50166789.02,20179085.57,21199962.94,20179085.57,31324833.83,32345711.2,32496027.82,33022498.38,34043375.75,33778881.26
245,50184859.34,51205736.71,51235055.16,20165897.13,21186774.5,19192314.04,31133289,32154166.37,32385047.01,33010038.21,34030915.59,34241349.17,,,,50184859.34,51205736.71,50184859.34,20165897.13,21186774.5,20165897.13,31133289,32154166.37,32290151.74,33010038.21,34030915.59,33763824.68
246,50191568.03,51212445.4,51235055.16,20163243.53,21184120.9,19192314.04,30872769.41,31893646.79,32147597.28,32907757.7,33928635.07,34183854.42,,,,50191568.03,51212445.4,50191568.03,20163243.53,21184120.9,20163243.53,30872769.41,31893646.79,32071831.14,32907757.7,33928635.07,33738135.48
247,50136470.71,51157348.09,51235055.16,20141499.73,21162377.11,19192314.04,30612484.66,31633362.03,31888581.38,32884194.8,33905072.17,34136245.41,,,,50136470.71,51157348.09,50136470.71,20141499.73,21162377.11,20141499.73,30612484.66,31633362.03,31841066.02,32884194.8,33905072.17,33701813.64
248,50185901.18,51206778.56,51235055.16,20113336.81,21134214.18,19192314.04,30377121.32,31397998.69,31634405.26,32799994.14,33820871.52,34066585.27,,,,50185901.18,51206778.56,50185901.18,20113336.81,21134214.18,20113336.81,30377121.32,31397998.69,31597856.39,32799994.14,33820871.52,33654859.17
249,50328032.34,51348909.71,51235055.16,20142659.92,21163537.29,19192314.04,30082566.23,31103443.61,31358662.95,32736085.2,33756962.57,33974873.99,,,,50328032.34,51348909.71,50328032.34,20142659.92,21163537.29,20142659.92,30082566.23,31103443.61,31342202.24,32736085.2,33756962.57,33597272.07
250,50335847.75,51356725.13,51235055.16,20077292.09,21098169.47,19192314.04,29798006.85,30818884.23,31074103.57,32585014.85,33605892.22,33861111.57,,,,50335847.75,51356725.13,50335847.75,20077292.09,21098169.47,20077292.09,29798006.85,30818884.23,31074103.57,32585014.85,33605892.22,33529052.33
251,50365176.95,51386054.32,51235055.16,20075222.26,21096099.64,19192314.04,29583299.48,30604176.85,30836173.13,32497319.19,33518196.57,33764580.63,,,,50365176.95,51386054.32,50365176.95,20075222.26,21096099.64,20075222.26,29583299.48,30604176.85,30831612.29,32497319.19,33518196.57,33450199.96
252,50414620.95,51435498.33,51235055.16,20034913.5,21055790.87,19192314.04,29300579.78,30321457.16,30576676.5,32388232.72,33409110.1,33645998.56,,,,50414620.95,51435498.33,50414620.95,20034913.5,21055790.87,20034913.5,29300579.78,30321457.16,30576676.5,32388232.72,33409110.1,33360714.95
253,50354503.68,51375381.05,51235055.16,19883578.28,20904455.66,19192314.04,29043925.76,30064803.14,30320022.48,32229268.62,33250146,33505365.34,,,,50354503.68,51375381.05,50354503.68,19883578.28,20904455.66,19883578.28,29043925.76,30064803.14,30320022.48,32229268.62,33250146,33260597.32
254,50259220.66,51280098.04,51235055.16,19855682.28,20876559.66,19192314.04,28865045.6,29885922.98,30095327.71,32085205.29,33106082.67,33361302.01,,,,50259220.66,51280098.04,50259220.66,19855682.28,20876559.66,19855682.28,28865045.6,29885922.98,30077525.31,32085205.29,33106082.67,33149847.04
255,50261224.64,51282102.01,51235055.16,19759623.86,20780501.24,19192314.04,28593190.61,29614067.99,29849066.76,31931797.15,32952674.53,33196345.84,,,,50261224.64,51282102.01,50261224.64,19759623.86,20780501.24,19759623.86,28593190.61,29614067.99,29822583.62,31931797.15,32952674.53,33028464.14
256,50064873.04,51085750.41,51235055.16,19631331.25,20652208.63,19192314.04,28312905.56,29333782.94,29581239.62,31733241.81,32754119.18,33009338.52,,,,50064873.04,51085750.41,50064873.04,19631331.25,20652208.63,19631331.25,28312905.56,29333782.94,29555197.42,31733241.81,32754119.18,32896448.6
257,49997801.71,51018679.09,51235055.16,19562945.49,20583822.87,19192314.04,28015749.58,29036626.96,29291846.3,31571663.1,32592540.48,32834005.16,,,,49997801.71,51018679.09,49997801.71,19562945.49,20583822.87,19562945.49,28015749.58,29036626.96,29275366.71,31571663.1,32592540.48,32753800.43
258,49836817.24,50857694.62,51112913.96,19448568.95,20469446.33,19192314.04,27706994.75,28727872.13,28983091.47,31360523.94,32381401.32,32636620.66,,,,49836817.24,50857694.62,49836817.24,19448568.95,20469446.33,19448568.95,27706994.75,28727872.13,28983091.47,31360523.94,32381401.32,32600519.62
259,49696817.22,50717694.59,50972913.94,19414117.74,20434995.12,19192314.04,27455153.18,28476030.56,28731249.9,31160509.46,32181386.84,32436606.18,,,,49696817.22,50717694.59,49696817.22,19414117.74,20434995.12,19414117.74,27455153.18,28476030.56,28731249.9,31160509.46,32181386.84,32436606.18
260,49553578.97,50574456.35,50829675.69,19320489.43,20341366.8,19192314.04,27219937.22,28240814.59,28492022.07,31043791.81,32064669.18,32274592.49,,,,49553578.97,50574456.35,49609528.19,19320489.43,20341366.8,19320489.43,27219937.22,28240814.59,28487461.23,31043791.81,32064669.18,32268883.24
261,49310101.14,50330978.52,50586197.86,19257929.56,20278806.94,19192314.04,26955131.32,27976008.7,28231228.04,30814430.95,31835308.32,32090527.67,,,,49310101.14,50330978.52,49609528.19,19257929.56,20278806.94,19257929.56,26955131.32,27976008.7,28231228.04,30814430.95,31835308.32,32090527.67
262,49109232.97,50130110.34,50385329.69,19212686.09,20233563.46,19192314.04,26693871.93,27714749.31,27969968.65,30635218.94,31656096.31,31911315.66,,,,49109232.97,50130110.34,49609528.19,19212686.09,20233563.46,19212686.09,26693871.93,27714749.31,27969968.65,30635218.94,31656096.31,31911315.66
263,48787849.91,49808727.29,50063946.63,19065337.9,20086215.27,19192314.04,26532455.82,27553333.19,27751626.18,30452908.18,31473785.55,31729004.9,,,,48787849.91,49808727.29,49609528.19,19065337.9,20086215.27,19065337.9,26532455.82,27553333.19,27747065.34,30452908.18,31473785.55,31729004.9
264,48566969.58,49587846.96,49843066.3,19081635.26,20102512.64,19192314.04,26235620.8,27256498.18,27511717.52,30382121.58,31402998.95,31565010.5,,,,48566969.58,49587846.96,49609528.19,19081635.26,20102512.64,19081635.26,26235620.8,27256498.18,27511717.52,30382121.58,31402998.95,31553591.99
265,48228723.83,49249601.2,49504820.55,18976792.76,19997670.13,19192314.04,26059383.13,27080260.51,27297771.14,30125751.86,31146629.23,31378964.96,,,,48228723.83,49249601.2,49504820.55,18976792.76,19997670.13,18976792.76,26059383.13,27080260.51,27288649.47,30125751.86,31146629.23,31367546.45
266,47891811.44,48912688.82,49167908.16,18927518.65,19948396.03,19192314.04,25793780.37,26814657.74,27062258.57,29894771.56,30915648.94,31170868.28,,,,47891811.44,48912688.82,49167908.16,18927518.65,19948396.03,18927518.65,25793780.37,26814657.74,27053136.9,29894771.56,30915648.94,31170868.28
267,47416501.16,48437378.53,48692597.88,18867363.55,19888240.93,19192314.04,25529083.1,26549960.48,26805179.82,29755537.38,30776414.75,31031634.1,,,,47416501.16,48437378.53,48692597.88,18867363.55,19888240.93,18867363.55,25529083.1,26549960.48,26805179.82,29755537.38,30776414.75,31030464.08
268,47063659.14,48084536.51,48339755.86,18820595.11,19841472.49,19192314.04,25302925.44,26323802.82,26579022.16,29603330.52,30624207.9,30879427.24,,,,47063659.14,48084536.51,48339755.86,18820595.11,19841472.49,18820595.11,25302925.44,26323802.82,26579022.16,29603330.52,30624207.9,30879427.24
269,46563978.09,47584855.47,47840074.81,18713480.33,19734357.71,19192314.04,25089229.37,26110106.75,26365326.09,29489398.61,30510275.98,30748102.14,,,,46563978.09,47584855.47,47840074.81,18713480.33,19734357.71,18713480.33,25089229.37,26110106.75,26364397.7,29489398.61,30510275.98,30736683.63
270,46018307.96,47039185.33,47294404.68,18579814.77,19600692.14,19192314.04,24861232,25882109.38,26137328.72,29361588.17,30382465.55,30594725.9,,,,46018307.96,47039185.33,47294404.68,18579814.77,19600692.14,18579814.77,24861232,25882109.38,26137328.72,29361588.17,30382465.55,30583307.39
271,45587545.09,46608422.47,46863641.81,18509678.1,19530555.48,19192314.04,24633811.7,25654689.07,25909908.42,29143201.8,30164079.18,30419298.52,,,,45587545.09,46608422.47,46863641.81,18509678.1,19530555.48,18509678.1,24633811.7,25654689.07,25905282.47,29143201.8,30164079.18,30419298.52
272,44970691.33,45991568.71,46246788.05,18453007.59,19473884.96,19192314.04,24395737.99,25416615.37,25667665.51,29015359.83,30036237.2,30289551.84,,,,44970691.33,45991568.71,46246788.05,18453007.59,19473884.96,18453007.59,24395737.99,25416615.37,25660791.71,29015359.83,30036237.2,30273765.28
273,44504078.85,45524956.23,45780175.57,18348825.42,19369702.8,19192314.04,24127759.71,25148637.09,25403856.43,28866636.94,29887514.32,30137754.02,,,,44504078.85,45524956.23,45780175.57,18348825.42,19369702.8,18348825.42,24127759.71,25148637.09,25403856.43,28866636.94,29887514.32,30117599.41
274,43991180.19,45012057.56,45267276.91,18270826.2,19291703.57,19192314.04,23937495.53,24958372.91,25213592.25,28687808.35,29708685.72,29963905.07,,,,43991180.19,45012057.56,45267276.91,18270826.2,19291703.57,18330356.85,23937495.53,24958372.91,25213592.25,28687808.35,29708685.72,29950800.91
275,43495595.84,44516473.22,44771692.56,18185142.82,19206020.2,19192314.04,23796832.38,24817709.75,25070501.48,28497273.05,29518150.43,29773369.77,,,,43495595.84,44516473.22,44771692.56,18185142.82,19206020.2,18330356.85,23796832.38,24817709.75,25065940.65,28497273.05,29518150.43,29773369.77
276,42953202.75,43974080.12,44229299.47,18037806.27,19058683.64,19192314.04,23629747.81,24650625.18,24905844.53,28408932.88,29429810.26,29630999.42,,,,42953202.75,43974080.12,44229299.47,18037806.27,19058683.64,18330356.85,23629747.81,24650625.18,24905844.53,28408932.88,29429810.26,29619580.91
277,42480296.77,43501174.14,43756393.49,17856216.98,18877094.36,19132313.7,23551123.61,24572000.98,24793367.28,28198627.1,29219504.48,29466577.92,,,,42480296.77,43501174.14,43756393.49,17856216.98,18877094.36,18330356.85,23551123.61,24572000.98,24784245.61,28198627.1,29219504.48,29455159.42
278,41976862.66,42997740.03,43252959.38,17709967.41,18730844.78,18986064.13,23392343.21,24413220.58,24659323.84,28004008.57,29024885.94,29280105.29,,,,41976862.66,42997740.03,43252959.38,17709967.41,18730844.78,18330356.85,23392343.21,24413220.58,24650202.17,28004008.57,29024885.94,29280105.29
279,41480858.62,42501736,42756955.34,17667004.99,18687882.37,18943101.71,23227617.5,24248494.88,24503714.22,27887427.75,28908305.12,29110782.78,,,,41480858.62,42501736,42756955.34,17667004.99,18687882.37,18330356.85,23227617.5,24248494.88,24503714.22,27887427.75,28908305.12,29105073.52
280,40909261.46,41930138.84,42185358.18,17476511.46,18497388.84,18752608.18,23073387.96,24094265.34,24349484.68,27643312.41,28664189.78,28919409.13,,,,40909261.46,41930138.84,42185358.18,17476511.46,18497388.84,18330356.85,23073387.96,24094265.34,24349484.68,27643312.41,28664189.78,28919409.13
281,40461128.26,41482005.63,41737224.98,17329518.3,18350395.67,18605615.02,22976040.58,23996917.96,24252137.3,27486923.96,28507801.33,28747154.33,,,,40461128.26,41482005.63,41737224.98,17329518.3,18350395.67,18330356.85,22976040.58,23996917.96,24252137.3,27486923.96,28507801.33,28739435.85
282,40010499.08,41031376.45,41286595.8,17119542.9,18140420.27,18395639.62,22909456.03,23930333.4,24155216.33,27276751.68,28297629.06,28552848.4,,,,40010499.08,41031376.45,41286595.8,17119542.9,18140420.27,18330356.85,22909456.03,23930333.4,24150655.49,27276751.68,28297629.06,28548829.94
283,39519267.45,40540144.82,40795364.17,16855584.76,17876462.14,18131681.48,22760632.45,23781509.83,24036729.17,27078921.24,28099798.61,28355017.96,,,,39519267.45,40540144.82,40795364.17,16855584.76,17876462.14,18131681.48,22760632.45,23781509.83,24036729.17,27078921.24,28099798.61,28347591.4
284,39054763.82,40075641.2,40330860.54,16740678.91,17761556.29,18016775.63,22697980.41,23718857.78,23969234.42,26859623.51,27880500.89,28135720.23,,,,39054763.82,40075641.2,40330860.54,16740678.91,17761556.29,18016775.63,22697980.41,23718857.78,23964673.59,26859623.51,27880500.89,28135720.23
285,38623901.59,39644778.97,39899998.31,16613048.41,17633925.79,17889145.13,22604076.78,23624954.15,23880173.49,26692799.14,27713676.52,27968895.86,,,,38623901.59,39644778.97,39899998.31,16613048.41,17633925.79,17889145.13,22604076.78,23624954.15,23880173.49,26692799.14,27713676.52,27968895.86
286,38164855.89,39185733.26,39440952.61,16469204.67,17490082.05,17745301.39,22515409,23536286.37,23791505.72,26525734.04,27546611.41,27801830.76,,,,38164855.89,39185733.26,39440952.61,16469204.67,17490082.05,17745301.39,22515409,23536286.37,23791505.72,26525734.04,27546611.41,27801830.76
287,37779552.81,38800430.19,39055649.53,16327523.46,17348400.84,17603620.18,22446607.1,23467484.48,23722703.82,26354729.82,27375607.19,27630826.54,,,,37779552.81,38800430.19,39055649.53,16327523.46,17348400.84,17603620.18,22446607.1,23467484.48,23722703.82,26354729.82,27375607.19,27630826.54