1.5m,netload,uncontrolled,150v2g,125v2g,150v1g,125v1g,,0.8m,unontrolled,150v2g,125v2g,150v1g,125v1g,,0.2m,uncontrolled,150v2g,125v2g,150v1g,125v1g
0,20819625.72,21840503.09,22350941.78,22095722.44,22350941.78,22095722.44,,,21364093.65,21636327.62,21500210.64,21636327.62,21636327.62,,,20955742.7,21023801.19,20989771.95,21023801.19,20989771.95
1,20476629.52,21497506.9,22007945.59,21752726.24,22007945.59,21752726.24,,,21021097.46,21293331.42,21157214.44,21293331.42,21293331.42,,,20612746.51,20680805,20646775.75,20680805,20646775.75
2,20290505.43,21311382.81,21821821.5,21566602.15,21821821.5,21566602.15,,,20834973.37,21107207.33,20971090.35,21107207.33,21107207.33,,,20426622.42,20494680.91,20460651.66,20494680.91,20460651.66
3,20027476.27,21048353.64,21558792.33,21303572.99,21558792.33,21303572.99,,,20571944.2,20844178.17,20708061.18,20844178.17,20844178.17,,,20163593.25,20231651.74,20197622.5,20231651.74,20197622.5
4,19829861.22,20850738.6,21361177.28,21105957.94,21361177.28,21105957.94,,,20374329.15,20646563.12,20510446.14,20646563.12,20646563.12,,,19965978.2,20034036.7,20000007.45,20034036.7,20000007.45
5,19689373.81,20710251.19,21220689.88,20965470.53,21220689.88,20965470.53,,,20233841.75,20506075.71,20369958.73,20506075.71,20506075.71,,,19825490.8,19893549.29,19859520.04,19893549.29,19859520.04
6,19481999.51,20502876.88,21013315.57,20758096.23,21013315.57,20758096.23,,,20026467.44,20298701.41,20162584.43,20298701.41,20298701.41,,,19618116.49,19686174.98,19652145.74,19686174.98,19652145.74
7,19345961.56,20366838.93,20877277.62,20622058.27,20877277.62,20622058.27,,,19890429.49,20162663.46,20026546.47,20162663.46,20162663.46,,,19482078.54,19550137.03,19516107.78,19550137.03,19516107.78
8,19167029,20187906.38,20698345.07,20443125.72,20698345.07,20443125.72,,,19711496.94,19983730.91,19847613.92,19983730.91,19983730.91,,,19303145.99,19371204.48,19337175.23,19371204.48,19337175.23
9,18985276.85,20006154.23,20516592.92,20261373.57,20516592.92,20261373.57,,,19529744.79,19801978.75,19665861.77,19801978.75,19801978.75,,,19121393.84,19189452.33,19155423.08,19189452.33,19155423.08
10,18926031.99,19946909.36,20457348.05,20202128.71,20457348.05,20202128.71,,,19470499.92,19742733.89,19606616.9,19742733.89,19742733.89,,,19062148.97,19130207.46,19096178.22,19130207.46,19096178.22
11,18828573.5,19849450.88,20359889.57,20104670.22,20359889.57,20104670.22,,,19373041.44,19645275.41,19509158.42,19645275.41,19645275.41,,,18964690.49,19032748.98,18998719.73,19032748.98,18998719.73
12,18728977.32,19749854.7,20260293.39,20005074.04,20260293.39,20005074.04,,,19273445.26,19545679.22,19409562.24,19545679.22,19545679.22,,,18865094.31,18933152.8,18899123.55,18933152.8,18899123.55
13,18529017.35,19549894.73,20060333.41,19805114.07,20060333.41,19805114.07,,,19073485.28,19345719.25,19209602.27,19345719.25,19345719.25,,,18665134.33,18733192.82,18699163.58,18733192.82,18699163.58
14,18337107.13,19357984.5,19868423.19,19613203.85,19868423.19,19613203.85,,,18881575.06,19153809.03,19017692.04,19153809.03,19153809.03,,,18473224.11,18541282.6,18507253.36,18541282.6,18507253.36
15,18277061.98,19297939.35,19808378.04,19553158.7,19808378.04,19553158.7,,,18821529.91,19093763.88,18957646.9,19093763.88,19093763.88,,,18413178.96,18481237.45,18447208.21,18481237.45,18447208.21
16,18202118.93,19222996.31,19733434.99,19478215.65,19733434.99,19478215.65,,,18746586.87,19018820.83,18882703.85,19018820.83,19018820.83,,,18338235.92,18406294.41,18372265.16,18406294.41,18372265.16
17,18093548.86,19114426.24,19624864.93,19369645.58,19624864.93,19369645.58,,,18638016.8,18910250.76,18774133.78,18910250.76,18910250.76,,,18229665.85,18297724.34,18263695.09,18297724.34,18263695.09
18,17984684.66,19005562.03,19516000.72,19260781.38,19516000.72,19260781.38,,,18529152.59,18801386.56,18665269.57,18801386.56,18801386.56,,,18120801.64,18188860.13,18154830.89,18188860.13,18154830.89
19,17987069.75,19007947.12,19518385.81,19263166.46,19518385.81,19263166.46,,,18531537.68,18803771.65,18667654.66,18803771.65,18803771.65,,,18123186.73,18191245.22,18157215.97,18191245.22,18157215.97
20,17828718.51,18849595.89,19360034.57,19104815.23,19360034.57,19104815.23,,,18373186.44,18645420.41,18509303.43,18645420.41,18645420.41,,,17964835.49,18032893.99,17998864.74,18032893.99,17998864.74
21,17771088.64,18791966.02,19302404.71,19047185.36,19302404.71,19047185.36,,,18315556.58,18587790.54,18451673.56,18587790.54,18587790.54,,,17907205.63,17975264.12,17941234.87,17975264.12,17941234.87
22,17703940.78,18724818.15,19235256.84,18980037.5,19235256.84,18980037.5,,,18248408.71,18520642.68,18384525.69,18520642.68,18520642.68,,,17840057.76,17908116.25,17874087.01,17908116.25,17874087.01
23,17677510.64,18698388.01,19208826.7,18953607.36,19208826.7,18953607.36,,,18221978.57,18494212.54,18358095.55,18494212.54,18494212.54,,,17813627.62,17881686.11,17847656.87,17881686.11,17847656.87
24,17644023.15,18664900.52,19175339.21,18920119.87,19175339.21,18920119.87,,,18188491.08,18460725.05,18324608.06,18460725.05,18460725.05,,,17780140.13,17848198.62,17814169.38,17848198.62,17814169.38
25,17642866.72,18663744.1,19174182.78,18918963.44,19174182.78,18918963.44,,,18187334.65,18459568.62,18323451.64,18459568.62,18459568.62,,,17778983.7,17847042.2,17813012.95,17847042.2,17813012.95
26,17552101.37,18572978.74,19083417.43,18828198.08,19083417.43,18828198.08,,,18096569.3,18368803.27,18232686.28,18368803.27,18368803.27,,,17688218.35,17756276.84,17722247.59,17756276.84,17722247.59
27,17558450.47,18579327.84,19089766.53,18834547.19,19089766.53,18834547.19,,,18102918.4,18375152.37,18239035.38,18375152.37,18375152.37,,,17694567.45,17762625.94,17728596.7,17762625.94,17728596.7
28,17510704.14,18531581.51,19042020.2,18786800.86,19042020.2,18786800.86,,,18055172.07,18327406.04,18191289.05,18327406.04,18327406.04,,,17646821.12,17714879.61,17680850.37,17714879.61,17680850.37
29,17508455.23,18529332.61,19039771.29,18784551.95,19039771.29,18784551.95,,,18052923.17,18325157.13,18189040.15,18325157.13,18325157.13,,,17644572.22,17712630.71,17678601.46,17712630.71,17678601.46
30,17506158.59,18527035.96,19037474.65,18782255.31,19037474.65,18782255.31,,,18050626.52,18322860.49,18186743.5,18322860.49,18322860.49,,,17642275.57,17710334.06,17676304.82,17710334.06,17676304.82
31,17497738.22,18518615.6,19029054.28,18773834.94,19029054.28,18773834.94,,,18042206.15,18314440.12,18178323.14,18314440.12,18314440.12,,,17633855.2,17701913.7,17667884.45,17701913.7,17667884.45
32,17447321.09,18468198.47,18978637.15,18723417.81,18978637.15,18723417.81,,,17991789.02,18264022.99,18127906.01,18264022.99,18264022.99,,,17583438.07,17651496.56,17617467.32,17651496.56,17617467.32
33,17468394.43,18489271.8,18999710.49,18744491.15,18999710.49,18744491.15,,,18012862.36,18285096.33,18148979.34,18285096.33,18285096.33,,,17604511.41,17672569.9,17638540.66,17672569.9,17638540.66
34,17452520.98,18473398.35,18983837.04,18728617.7,18983837.04,18728617.7,,,17996988.91,18269222.88,18133105.9,18269222.88,18269222.88,,,17588637.96,17656696.45,17622667.21,17656696.45,17622667.21
35,17446747.04,18467624.41,18978063.1,18722843.76,18978063.1,18722843.76,,,17991214.97,18263448.94,18127331.95,18263448.94,18263448.94,,,17582864.02,17650922.51,17616893.27,17650922.51,17616893.27
36,17462804.26,18483681.64,18994120.32,18738900.98,18994120.32,18738900.98,,,18007272.19,18279506.16,18143389.18,18279506.16,18279506.16,,,17598921.24,17666979.74,17632950.49,17666979.74,17632950.49
37,17455295.59,18476172.97,18986611.66,18731392.31,18986611.66,18731392.31,,,17999763.53,18271997.49,18135880.51,18271997.49,18271997.49,,,17591412.58,17659471.07,17625441.82,17659471.07,17625441.82
38,17492108.06,18512985.44,19023424.12,18768204.78,19023424.12,18768204.78,,,18036575.99,18308809.96,18172692.98,18308809.96,18308809.96,,,17628225.04,17696283.54,17662254.29,17696283.54,17662254.29
39,17444708.66,18465586.04,18976024.73,18720805.38,18976024.73,18720805.38,,,17989176.6,18261410.56,18125293.58,18261410.56,18261410.56,,,17580825.65,17648884.14,17614854.89,17648884.14,17614854.89
40,17459884.86,18480762.23,18991200.92,18735981.57,18991200.92,18735981.57,,,18004352.79,18276586.76,18140469.77,18276586.76,18276586.76,,,17596001.84,17664060.33,17630031.08,17664060.33,17630031.08
41,17477401.91,18498279.28,19008717.97,18753498.63,19008717.97,18753498.63,,,18021869.84,18294103.81,18157986.83,18294103.81,18294103.81,,,17613518.89,17681577.38,17647548.14,17681577.38,17647548.14
42,17485784.52,18506661.9,19017100.59,18761881.24,19017100.59,18761881.24,,,18030252.46,18302486.42,18166369.44,18302486.42,18302486.42,,,17621901.51,17689960,17655930.75,17689960,17655930.75
43,17414853.31,18435730.69,18946169.37,18690950.03,18946169.37,18690950.03,,,17959321.24,18231555.21,18095438.23,18231555.21,18231555.21,,,17550970.29,17619028.79,17584999.54,17619028.79,17584999.54
44,17517613.66,18538491.04,19048929.73,18793710.38,19048929.73,18793710.38,,,18062081.6,18334315.56,18198198.58,18334315.56,18334315.56,,,17653730.65,17721789.14,17687759.89,17721789.14,17687759.89
45,17576285.88,18597163.26,19107601.95,18852382.6,19107601.95,18852382.6,,,18120753.82,18392987.78,18256870.8,18392987.78,18392987.78,,,17712402.87,17780461.36,17746432.11,17780461.36,17746432.11
46,17520382.87,18541260.25,19051698.94,18796479.59,19051698.94,18796479.59,,,18064850.81,18337084.77,18200967.79,18337084.77,18337084.77,,,17656499.86,17724558.35,17690529.1,17724558.35,17690529.1
47,17480446.36,18501323.73,19011762.42,18756543.08,19011762.42,18756543.08,,,18024914.29,18297148.26,18161031.27,18297148.26,18297148.26,,,17616563.34,17684621.83,17650592.59,17684621.83,17650592.59
48,17522972,18543849.37,19054288.06,18799068.72,19054288.06,18799068.72,,,18067439.93,18339673.9,18203556.91,18339673.9,18339673.9,,,17659088.98,17727147.47,17693118.23,17727147.47,17693118.23
49,17465673.02,18486550.39,18996989.08,18741769.74,18996989.08,18741769.74,,,18010140.95,18282374.92,18146257.94,18282374.92,18282374.92,,,17601790,17669848.49,17635819.25,17669848.49,17635819.25
50,17374353.67,18395231.04,18905669.73,18650450.39,18905669.73,18650450.39,,,17918821.6,18191055.57,18054938.58,18191055.57,18191055.57,,,17510470.65,17578529.14,17544499.9,17578529.14,17544499.9
51,17349829.1,18370706.47,18881145.16,18625925.82,18881145.16,18625925.82,,,17894297.03,18166531,18030414.01,18166531,18166531,,,17485946.08,17554004.57,17519975.33,17554004.57,17519975.33
52,17345142.27,18366019.65,18876458.34,18621238.99,18876458.34,18621238.99,,,17889610.21,18161844.17,18025727.19,18161844.17,18161844.17,,,17481259.26,17549317.75,17515288.5,17549317.75,17515288.5
53,17305210.38,18326087.75,18836526.44,18581307.1,18836526.44,18581307.1,,,17849678.31,18121912.28,17985795.29,18121912.28,18121912.28,,,17441327.36,17509385.85,17475356.61,17509385.85,17475356.61
54,17294793.22,18315670.6,18826109.29,18570889.94,18826109.29,18570889.94,,,17839261.16,18111495.12,17975378.14,18111495.12,18111495.12,,,17430910.21,17498968.7,17464939.45,17498968.7,17464939.45
55,17359868.16,18380745.54,18891184.23,18635964.88,18891184.23,18635964.88,,,17904336.1,18176570.06,18040453.08,18176570.06,18176570.06,,,17495985.15,17564043.64,17530014.39,17564043.64,17530014.39
56,17392249.29,18413126.67,18923565.35,18668346.01,18923565.35,18668346.01,,,17936717.22,18208951.19,18072834.21,18208951.19,18208951.19,,,17528366.27,17596424.77,17562395.52,17596424.77,17562395.52
57,17368076.33,18388953.71,18899392.4,18644173.05,18899392.4,18644173.05,,,17912544.27,18184778.23,18048661.25,18184778.23,18184778.23,,,17504193.32,17572251.81,17538222.56,17572251.81,17538222.56
58,17464173.71,18485051.09,18995489.78,18740270.43,18995489.78,18740270.43,,,18008641.65,18280875.61,18144758.63,18280875.61,18280875.61,,,17600290.7,17668349.19,17634319.94,17668349.19,17634319.94
59,17448612.3,18469489.67,18979928.36,18724709.02,18979928.36,18724709.02,,,17993080.23,18265314.2,18129197.21,18265314.2,18265314.2,,,17584729.28,17652787.77,17618758.53,17652787.77,17618758.53
60,17543814.03,18564691.41,19075130.1,18819910.75,19075130.1,18819910.75,,,18088281.97,18360515.93,18224398.95,18360515.93,18360515.93,,,17679931.02,17747989.51,17713960.26,17747989.51,17713960.26
61,17454660.66,18475538.04,18985976.73,18730757.38,18985976.73,18730757.38,,,17999128.6,18271362.56,18135245.58,18271362.56,18271362.56,,,17590777.65,17658836.14,17624806.89,17658836.14,17624806.89
62,17550023.94,18570901.32,19081340,18826120.66,19081340,18826120.66,,,18094491.87,18366725.84,18230608.86,18366725.84,18366725.84,,,17686140.92,17754199.42,17720170.17,17754199.42,17720170.17
63,17577088.8,18597966.18,19108404.86,18853185.52,19108404.86,18853185.52,,,18121556.73,18393790.7,18257673.72,18393790.7,18393790.7,,,17713205.78,17781264.28,17747235.03,17781264.28,17747235.03
64,17631491.11,18652368.48,19162807.17,18907587.83,19162807.17,18907587.83,,,18175959.04,18448193.01,18312076.02,18448193.01,18448193.01,,,17767608.09,17835666.58,17801637.34,17835666.58,17801637.34
65,17757209.5,18778086.87,19288525.56,19033306.22,19288525.56,19033306.22,,,18301677.43,18573911.4,18437794.42,18573911.4,18573911.4,,,17893326.48,17961384.97,17927355.73,17961384.97,17927355.73
66,17804305.38,18825182.76,19335621.44,19080402.1,19335621.44,19080402.1,,,18348773.31,18621007.28,18484890.3,18621007.28,18621007.28,,,17940422.36,18008480.86,17974451.61,18008480.86,17974451.61
67,17961620.78,18982498.16,19492936.84,19237717.5,19492936.84,19237717.5,,,18506088.71,18778322.68,18642205.7,18778322.68,18778322.68,,,18097737.76,18165796.26,18131767.01,18165796.26,18131767.01
68,18155725.64,19176603.02,19687041.71,19431822.36,19687041.71,19431822.36,,,18700193.58,18972427.54,18836310.56,18972427.54,18972427.54,,,18291842.63,18359901.12,18325871.87,18359901.12,18325871.87
69,18363540.72,19384418.1,19894856.79,19639637.44,19894856.79,19639637.44,,,18908008.66,19180242.62,19044125.64,19180242.62,19180242.62,,,18499657.71,18567716.2,18533686.95,18567716.2,18533686.95
70,18507475.18,19528352.56,20038791.25,19783571.9,20038791.25,19783571.9,,,19051943.12,19324177.08,19188060.1,19324177.08,19324177.08,,,18643592.17,18711650.66,18677621.41,18711650.66,18677621.41
71,18588372,19609249.37,20119688.06,19864468.72,20119688.06,19864468.72,,,19132839.93,19405073.9,19268956.92,19405073.9,19405073.9,,,18724488.98,18792547.47,18758518.23,18792547.47,18758518.23
72,18707573.86,19728451.23,20238889.92,19983670.57,20238889.92,19983670.57,,,19252041.79,19524275.76,19388158.77,19524275.76,19524275.76,,,18843690.84,18911749.33,18877720.08,18911749.33,18877720.08
73,18478229.19,19499106.56,20009545.25,19754325.91,20009545.25,19754325.91,,,19022697.12,19294931.09,19158814.11,19294931.09,19294931.09,,,18614346.17,18682404.66,18648375.42,18682404.66,18648375.42
74,18368466.68,19389344.05,19899782.74,19644563.4,19899782.74,19644563.4,,,18912934.61,19185168.58,19049051.6,19185168.58,19185168.58,,,18504583.66,18572642.15,18538612.91,18572642.15,18538612.91
75,18325246.7,19346124.08,19856562.77,19601343.42,19856562.77,19601343.42,,,18869714.64,19141948.6,19005831.62,19141948.6,19141948.6,,,18461363.69,18529422.18,18495392.93,18529422.18,18495392.93
76,18264458.83,19285336.21,19795774.9,19540555.55,19795774.9,19540555.55,,,18808926.77,19081160.73,18945043.75,19081160.73,19081160.73,,,18400575.82,18468634.31,18434605.06,18468634.31,18434605.06
77,18045550.53,19066427.91,19576866.6,19321647.25,19576866.6,19321647.25,,,18590018.47,18862252.43,18726135.45,18862252.43,18862252.43,,,18181667.52,18249726.01,18215696.76,18249726.01,18215696.76
78,17920034.13,18940911.51,19451350.19,19196130.85,19451350.19,19196130.85,,,18464502.06,18736736.03,18600619.05,18736736.03,18736736.03,,,18056151.11,18124209.61,18090180.36,18124209.61,18090180.36
79,17755848.74,18776726.11,19287164.8,19031945.46,19287164.8,19031945.46,,,18300316.67,18572550.64,18436433.66,18572550.64,18572550.64,,,17891965.72,17960024.21,17925994.97,17960024.21,17925994.97
80,17503860.94,18524738.32,19035177.01,18779957.66,19035177.01,18779957.66,,,18048328.88,18320562.84,18184445.86,18320562.84,18320562.84,,,17639977.93,17708036.42,17674007.17,17708036.42,17674007.17
81,17406393.45,18427270.83,18937709.52,18682490.17,18937709.52,18682490.17,,,17950861.39,18223095.36,18086978.37,18223095.36,18223095.36,,,17542510.44,17610568.93,17576539.68,17610568.93,17576539.68
82,17312332.9,18333210.28,18843648.97,18588429.62,18843648.97,18588429.62,,,17856800.84,18129034.8,17992917.82,18129034.8,18129034.8,,,17448449.89,17516508.38,17482479.13,17516508.38,17482479.13
83,17142117.79,18162995.17,18673433.86,18418214.51,18673433.86,18418214.51,,,17686585.73,17958819.69,17822702.71,17958819.69,17958819.69,,,17278234.78,17346293.27,17312264.02,17346293.27,17312264.02
84,16897876.54,17918753.91,18429192.6,18173973.26,18429192.6,18173973.26,,,17442344.47,17714578.44,17578461.45,17714578.44,17714578.44,,,17033993.52,17102052.01,17068022.77,17102052.01,17068022.77
85,16641258.74,17662136.11,18172574.8,17917355.46,18172574.8,17917355.46,,,17185726.67,17457960.64,17321843.65,17457960.64,17457960.64,,,16777375.72,16845434.21,16811404.97,16845434.21,16811404.97
86,16427810.4,17448687.77,17959126.46,17703907.12,17959126.46,17703907.12,,,16972278.33,17244512.3,17108395.31,17244512.3,17244512.3,,,16563927.38,16631985.87,16597956.63,16631985.87,16597956.63
87,16213674.01,17234551.39,17744990.08,17489770.73,17744990.08,17489770.73,,,16758141.95,17030375.91,16894258.93,17030375.91,17030375.91,,,16349791,16417849.49,16383820.24,16417849.49,16383820.24
88,16131347.66,17152225.03,17662663.72,17407444.38,17662663.72,17407444.38,,,16675815.59,16948049.56,16811932.57,16948049.56,16948049.56,,,16267464.64,16335523.13,16301493.89,16335523.13,16301493.89
89,16055526.13,17076403.51,17586842.2,17331622.85,17586842.2,17331622.85,,,16599994.07,16872228.03,16736111.05,16872228.03,16872228.03,,,16191643.12,16259701.61,16225672.36,16259701.61,16225672.36
90,15901399.93,16922277.31,17432715.99,17177496.65,17432715.99,17177496.65,,,16445867.86,16718101.83,16581984.85,16718101.83,16718101.83,,,16037516.91,16105575.41,16071546.16,16105575.41,16071546.16
91,15765140.36,16786017.74,17296456.42,17041237.08,17296456.42,17041237.08,,,16309608.29,16581842.26,16445725.28,16581842.26,16581842.26,,,15901257.34,15969315.83,15935286.59,15969315.83,15935286.59
92,15758766.89,16779644.27,17290082.96,17034863.61,17290082.96,17034863.61,,,16303234.83,16575468.79,16439351.81,16575468.79,16575468.79,,,15894883.88,15962942.37,15928913.12,15962942.37,15928913.12
93,15556397,16577274.37,17087713.06,16832493.72,17087713.06,16832493.72,,,16100864.93,16373098.9,16236981.92,16373098.9,16373098.9,,,15692513.98,15760572.47,15726543.23,15760572.47,15726543.23
94,15476268.13,16497145.51,17007584.19,16752364.85,17007584.19,16752364.85,,,16020736.06,16292970.03,16156853.05,16292970.03,16292970.03,,,15612385.11,15680443.61,15646414.36,15680443.61,15646414.36
95,15394011.05,16414888.43,16925327.12,16670107.77,16925327.12,16670107.77,,,15938478.99,16210712.96,16074595.97,16210712.96,16210712.96,,,15530128.04,15598186.53,15564157.28,15598186.53,15564157.28
96,15122906.77,16143784.14,16654222.83,16399003.49,16654222.83,16399003.49,,,15667374.7,15939608.67,15803491.68,15939608.67,15939608.67,,,15259023.75,15327082.24,15293053,15327082.24,15293053
97,15016871.18,16037748.56,16548187.25,16292967.9,16548187.25,16292967.9,,,15561339.12,15833573.08,15697456.1,15833573.08,15833573.08,,,15152988.17,15221046.66,15187017.41,15221046.66,15187017.41
98,14952399.4,15973276.77,16483715.46,16228496.12,16483715.46,16228496.12,,,15496867.33,15769101.3,15632984.31,15769101.3,15769101.3,,,15088516.38,15156574.87,15122545.63,15156574.87,15122545.63
99,14697338.08,15718215.46,16228654.14,15973434.8,16228654.14,15973434.8,,,15241806.01,15514039.98,15377923,15514039.98,15514039.98,,,14833455.06,14901513.55,14867484.31,14901513.55,14867484.31
100,14573163.39,15594040.76,16104479.45,15849260.11,16104479.45,15849260.11,,,15117631.32,15389865.29,15253748.31,15389865.29,15389865.29,,,14709280.37,14777338.86,14743309.62,14777338.86,14743309.62
101,14506877.25,15527754.62,16038193.31,15782973.96,16038193.31,15782973.96,,,15051345.18,15323579.15,15187462.16,15323579.15,15323579.15,,,14642994.23,14711052.72,14677023.47,14711052.72,14677023.47
102,14299683.63,15320561.01,15830999.69,15575780.35,15830999.69,15575780.35,,,14844151.56,15116385.53,14980268.55,15116385.53,15116385.53,,,14435800.61,14503859.11,14469829.86,14503859.11,14469829.86
103,14273468.96,15294346.33,15804785.02,15549565.68,15804785.02,15549565.68,,,14817936.89,15090170.86,14954053.88,15090170.86,15090170.86,,,14409585.94,14477644.43,14443615.19,14477644.43,14443615.19
104,14124585.86,15145463.24,15655901.93,15400682.58,15655901.93,15400682.58,,,14669053.8,14941287.76,14805170.78,14941287.76,14941287.76,,,14260702.85,14328761.34,14294732.09,14328761.34,14294732.09
105,13942662.51,14963539.88,15473978.57,15218759.23,15473978.57,15218759.23,,,14487130.44,14759364.41,14623247.43,14759364.41,14759364.41,,,14078779.49,14146837.98,14112808.74,14146837.98,14112808.74
106,13978052.13,14998929.5,15509368.19,15254148.85,15509368.19,15254148.85,,,14522520.06,14794754.03,14658637.04,14794754.03,14794754.03,,,14114169.11,14182227.6,14148198.36,14182227.6,14148198.36
107,13892551.04,14913428.42,15423867.11,15168647.76,15423867.11,15168647.76,,,14437018.98,14709252.94,14573135.96,14709252.94,14709252.94,,,14028668.03,14096726.52,14062697.27,14096726.52,14062697.27
108,13825667.14,14846544.52,15356983.2,15101763.86,15356983.2,15101763.86,,,14370135.07,14642369.04,14506252.06,14642369.04,14642369.04,,,13961784.12,14029842.62,13995813.37,14029842.62,13995813.37
109,13748510.02,14769387.39,15279826.08,15024606.74,15279826.08,15024606.74,,,14292977.95,14565211.92,14429094.93,14565211.92,14565211.92,,,13884627,13952685.49,13918656.25,13952685.49,13918656.25
110,13762549.06,14783426.44,15293865.13,15038645.78,15293865.13,15038645.78,,,14307017,14579250.96,14443133.98,14579250.96,14579250.96,,,13898666.05,13966724.54,13932695.29,13966724.54,13932695.29
111,13750754.87,14771632.25,15282070.94,15026851.59,15282070.94,15026851.59,,,14295222.81,14567456.77,14431339.79,14567456.77,14567456.77,,,13886871.86,13954930.35,13920901.1,13954930.35,13920901.1
112,13694652.26,14715529.64,15225968.32,14970748.98,15225968.32,14970748.98,,,14239120.19,14511354.16,14375237.18,14511354.16,14511354.16,,,13830769.24,13898827.73,13864798.49,13898827.73,13864798.49
113,13759735.23,14780612.6,15291051.29,15035831.94,15291051.29,15035831.94,,,14304203.16,14576437.13,14440320.14,14576437.13,14576437.13,,,13895852.21,13963910.7,13929881.45,13963910.7,13929881.45
114,13755115.62,14775993,15286431.68,15031212.34,15286431.68,15031212.34,,,14299583.55,14571817.52,14435700.54,14571817.52,14571817.52,,,13891232.6,13959291.09,13925261.85,13959291.09,13925261.85
115,13850806.38,14871683.76,15382122.45,15126903.1,15382122.45,15126903.1,,,14395274.32,14667508.29,14531391.3,14667508.29,14667508.29,,,13986923.37,14054981.86,14020952.61,14054981.86,14020952.61
116,13900101.54,14920978.92,15431417.6,15176198.26,15431417.6,15176198.26,,,14444569.47,14716803.44,14580686.46,14716803.44,14716803.44,,,14036218.52,14104277.02,14070247.77,14104277.02,14070247.77
117,13958042.83,14978920.2,15489358.89,15234139.55,15489358.89,15234139.55,,,14502510.76,14774744.73,14638627.74,14774744.73,14774744.73,,,14094159.81,14162218.3,14128189.06,14162218.3,14128189.06
118,13978456.39,14999333.77,15509772.46,15254553.11,15509772.46,15254553.11,,,14522924.33,14795158.29,14659041.31,14795158.29,14795158.29,,,14114573.38,14182631.87,14148602.62,14182631.87,14148602.62
119,14057168.22,15078045.6,15588484.29,15333264.94,15588484.29,15333264.94,,,14601636.16,14873870.12,14737753.14,14873870.12,14873870.12,,,14193285.21,14261343.7,14227314.45,14261343.7,14227314.45
120,14007485.89,15028363.26,15538801.95,15283582.61,15538801.95,15283582.61,,,14551953.82,14824187.79,14688070.8,14824187.79,14824187.79,,,14143602.87,14211661.36,14177632.12,14211661.36,14177632.12
121,14109572.98,15130450.36,15640889.05,15385669.7,15640889.05,15385669.7,,,14654040.92,14926274.88,14790157.9,14926274.88,14926274.88,,,14245689.97,14313748.46,14279719.21,14313748.46,14279719.21
122,14116183.69,15137061.06,15647499.75,15392280.41,15647499.75,15392280.41,,,14660651.62,14932885.59,14796768.6,14932885.59,14932885.59,,,14252300.67,14320359.16,14286329.92,14320359.16,14286329.92
123,14115895.94,15136773.32,15647212.01,15391992.66,15647212.01,15391992.66,,,14660363.88,14932597.85,14796480.86,14932597.85,14932597.85,,,14252012.93,14320071.42,14286042.17,14320071.42,14286042.17
124,14082647.16,15103524.54,15613963.23,15358743.88,15613963.23,15358743.88,,,14627115.1,14899349.07,14763232.08,14899349.07,14899349.07,,,14218764.15,14286822.64,14252793.39,14286822.64,14252793.39
125,14152499.44,15173376.82,15683815.51,15428596.16,15683815.51,15428596.16,,,14696967.38,14969201.34,14833084.36,14969201.34,14969201.34,,,14288616.43,14356674.92,14322645.67,14356674.92,14322645.67
126,14055719.6,15076596.97,15587035.66,15331816.32,15587035.66,15331816.32,,,14600187.53,14872421.5,14736304.52,14872421.5,14872421.5,,,14191836.58,14259895.07,14225865.83,14259895.07,14225865.83
127,14076658.52,15097535.89,15607974.58,15352755.23,15607974.58,15352755.23,,,14621126.45,14893360.42,14757243.43,14893360.42,14893360.42,,,14212775.5,14280833.99,14246804.74,14280833.99,14246804.74
128,14114406.69,15135284.07,15645722.75,15390503.41,15645722.75,15390503.41,,,14658874.62,14931108.59,14794991.61,14931108.59,14931108.59,,,14250523.67,14318582.17,14284552.92,14318582.17,14284552.92
129,14022297,15043174.38,15553613.06,15298393.72,15553613.06,15298393.72,,,14566764.93,14838998.9,14702881.92,14838998.9,14838998.9,,,14158413.98,14226472.48,14192443.23,14226472.48,14192443.23
130,13997151.73,15018029.1,15528467.79,15273248.45,15528467.79,15273248.45,,,14541619.66,14813853.63,14677736.64,14813853.63,14813853.63,,,14133268.71,14201327.2,14167297.96,14201327.2,14167297.96
131,13961589.36,14982466.74,15492905.42,15237686.08,15492905.42,15237686.08,,,14506057.29,14778291.26,14642174.28,14778291.26,14778291.26,,,14097706.34,14165764.83,14131735.59,14165764.83,14131735.59
132,13910661.58,14931538.96,15441977.65,15186758.3,15441977.65,15186758.3,,,14455129.52,14727363.48,14591246.5,14727363.48,14727363.48,,,14046778.57,14114837.06,14080807.81,14114837.06,14080807.81
133,13929476.03,14950353.4,15460792.09,15205572.74,15460792.09,15205572.74,,,14473943.96,14746177.93,14610060.94,14746177.93,14746177.93,,,14065593.01,14133651.5,14099622.25,14133651.5,14099622.25
134,13956670.9,14977548.27,15487986.96,15232767.62,15487986.96,15232767.62,,,14501138.83,14773372.8,14637255.82,14773372.8,14773372.8,,,14092787.88,14160846.37,14126817.13,14160846.37,14126817.13
135,13923130.86,14944008.23,15454446.92,15199227.58,15454446.92,15199227.58,,,14467598.79,14739832.76,14603715.78,14739832.76,14739832.76,,,14059247.84,14127306.33,14093277.09,14127306.33,14093277.09
136,13926364.39,14947241.76,15457680.45,15202461.11,15457680.45,15202461.11,,,14470832.32,14743066.29,14606949.3,14743066.29,14743066.29,,,14062481.37,14130539.86,14096510.62,14130539.86,14096510.62
137,13891544.88,14912422.25,15422860.94,15167641.6,15422860.94,15167641.6,,,14436012.81,14708246.78,14572129.79,14708246.78,14708246.78,,,14027661.86,14095720.35,14061691.11,14095720.35,14061691.11
138,13980255.26,15001132.63,15511571.32,15256351.98,15511571.32,15256351.98,,,14524723.19,14796957.16,14660840.18,14796957.16,14796957.16,,,14116372.24,14184430.73,14150401.49,14184430.73,14150401.49
139,14043207.37,15064084.75,15574523.43,15319304.09,15574523.43,15319304.09,,,14587675.3,14859909.27,14723792.29,14859909.27,14859909.27,,,14179324.35,14247382.84,14213353.6,14247382.84,14213353.6
140,14015909.89,15036787.26,15547225.95,15292006.61,15547225.95,15292006.61,,,14560377.82,14832611.79,14696494.81,14832611.79,14832611.79,,,14152026.87,14220085.36,14186056.12,14220085.36,14186056.12
141,14028940.81,15049818.18,15560256.87,15305037.53,15560256.87,15305037.53,,,14573408.74,14845642.71,14709525.72,14845642.71,14845642.71,,,14165057.79,14233116.28,14199087.04,14233116.28,14199087.04
142,14085391.16,15106268.53,15616707.22,15361487.88,15616707.22,15361487.88,,,14629859.09,14902093.06,14765976.08,14902093.06,14902093.06,,,14221508.14,14289566.63,14255537.39,14289566.63,14255537.39
143,14146009.99,15166887.37,15677326.06,15422106.71,15677326.06,15422106.71,,,14690477.93,14962711.89,14826594.91,14962711.89,14962711.89,,,14282126.98,14350185.47,14316156.22,14350185.47,14316156.22
144,14298810.29,15319687.66,15830126.35,15574907.01,15830126.35,15574907.01,,,14843278.22,15115512.19,14979395.21,15115512.19,15115512.19,,,14434927.27,14502985.76,14468956.52,14502985.76,14468956.52
145,14266010.02,15286887.39,15797326.08,15542106.74,15797326.08,15542106.74,,,14810477.95,15082711.92,14946594.93,15082711.92,15082711.92,,,14402127,14470185.49,14436156.25,14470185.49,14436156.25
146,14377584.92,15398462.29,15908900.98,15653681.64,15908900.98,15653681.64,,,14922052.85,15194286.82,15058169.84,15194286.82,15194286.82,,,14513701.9,14581760.39,14547731.15,14581760.39,14547731.15
147,14336105.92,15356983.3,15867421.99,15612202.64,15867421.99,15612202.64,,,14880573.86,15152807.82,15016690.84,15152807.82,15152807.82,,,14472222.91,14540281.4,14506252.15,14540281.4,14506252.15
148,14322315.02,15343192.4,15853631.08,15598411.74,15853631.08,15598411.74,,,14866782.95,15139016.92,15002899.94,15139016.92,15139016.92,,,14458432,14526490.49,14492461.25,14526490.49,14492461.25
149,14277890.13,15298767.51,15809206.2,15553986.85,15809206.2,15553986.85,,,14822358.07,15094592.03,14958475.05,15094592.03,15094592.03,,,14414007.12,14482065.61,14448036.36,14482065.61,14448036.36
150,14323986.73,15344864.11,15855302.79,15600083.45,15855302.79,15600083.45,,,14868454.66,15140688.63,15004571.65,15140688.63,15140688.63,,,14460103.71,14528162.21,14494132.96,14528162.21,14494132.96
151,14383109.7,15403987.08,15914425.77,15659206.42,15914425.77,15659206.42,,,14927577.64,15199811.6,15063694.62,15199811.6,15199811.6,,,14519226.69,14587285.18,14553255.93,14587285.18,14553255.93
152,14422610.96,15443488.34,15953927.02,15698707.68,15953927.02,15698707.68,,,14967078.89,15239312.86,15103195.88,15239312.86,15239312.86,,,14558727.94,14626786.44,14592757.19,14626786.44,14592757.19
153,14461356.91,15482234.29,15992672.97,15737453.63,15992672.97,15737453.63,,,15005824.84,15278058.81,15141941.83,15278058.81,15278058.81,,,14597473.89,14665532.39,14631503.14,14665532.39,14631503.14
154,14560629.37,15581506.74,16091945.43,15836726.09,16091945.43,15836726.09,,,15105097.3,15377331.27,15241214.28,15377331.27,15377331.27,,,14696746.35,14764804.84,14730775.6,14764804.84,14730775.6
155,14542154.29,15563031.66,16073470.35,15818251.01,16073470.35,15818251.01,,,15086622.22,15358856.19,15222739.2,15358856.19,15358856.19,,,14678271.27,14746329.76,14712300.52,14746329.76,14712300.52
156,14705978.9,15726856.28,16237294.97,15982075.62,16237294.97,15982075.62,,,15250446.84,15522680.8,15386563.82,15522680.8,15522680.8,,,14842095.89,14910154.38,14876125.13,14910154.38,14876125.13
157,14750512.52,15771389.9,16281828.58,16026609.24,16281828.58,16026609.24,,,15294980.45,15567214.42,15431097.44,15567214.42,15567214.42,,,14886629.5,14954688,14920658.75,14954688,14920658.75
158,14795757.78,15816635.15,16327073.84,16071854.5,16327073.84,16071854.5,,,15340225.71,15612459.68,15476342.69,15612459.68,15612459.68,,,14931874.76,14999933.25,14965904.01,14999933.25,14965904.01
159,14829979.01,15850856.38,16361295.07,16106075.73,16361295.07,16106075.73,,,15374446.94,15646680.91,15510563.92,15646680.91,15646680.91,,,14966095.99,15034154.48,15000125.24,15034154.48,15000125.24
160,14965874.5,15986751.88,16497190.56,16241971.22,16497190.56,16241971.22,,,15510342.44,15782576.4,15646459.42,15782576.4,15782576.4,,,15101991.48,15170049.98,15136020.73,15170049.98,15136020.73
161,15065658.39,16086535.76,16596974.45,16341755.11,16596974.45,16341755.11,,,15610126.32,15882360.29,15746243.31,15882360.29,15882360.29,,,15201775.37,15269833.86,15235804.62,15269833.86,15235804.62
162,15246480.43,16267357.8,16777796.49,16522577.15,16777796.49,16522577.15,,,15790948.36,16063182.33,15927065.34,16063182.33,16063182.33,,,15382597.41,15450655.9,15416626.66,15450655.9,15416626.66
163,15424607.26,16445484.64,16955923.33,16700703.98,16955923.33,16700703.98,,,15969075.2,16241309.17,16105192.18,16241309.17,16241309.17,,,15560724.25,15628782.74,15594753.49,15628782.74,15594753.49
164,15589643.49,16610520.87,17120959.55,16865740.21,17120959.55,16865740.21,,,16134111.42,16406345.39,16270228.41,16406345.39,16406345.39,,,15725760.47,15793818.96,15759789.72,15793818.96,15759789.72
165,15800509.63,16821387.01,17331825.7,17076606.35,17331825.7,17076606.35,,,16344977.57,16617211.53,16481094.55,16617211.53,16617211.53,,,15936626.62,16004685.11,15970655.86,16004685.11,15970655.86
166,15905635.48,16926512.85,17436951.54,17181732.2,17436951.54,17181732.2,,,16450103.41,16722337.38,16586220.4,16722337.38,16722337.38,,,16041752.46,16109810.95,16075781.71,16109810.95,16075781.71
167,16060491.87,17081369.25,17591807.93,17336588.59,17591807.93,17336588.59,,,16604959.8,16877193.77,16741076.79,16877193.77,16877193.77,,,16196608.85,16264667.35,16230638.1,16264667.35,16230638.1
168,16287231.81,17308109.18,17818547.87,17563328.53,17818547.87,17563328.53,,,16831699.74,17103933.71,16967816.73,17103933.71,17103933.71,,,16423348.79,16491407.28,16457378.04,16491407.28,16457378.04
169,16510901.45,17531778.83,18042217.51,17786998.17,18042217.51,17786998.17,,,17055369.38,17327603.35,17191486.37,17327603.35,17327603.35,,,16647018.43,16715076.93,16681047.68,16715076.93,16681047.68
170,16866685.42,17887562.8,18398001.49,18142782.14,18398001.49,18142782.14,,,17411153.36,17683387.32,17547270.34,17683387.32,17683387.32,,,17002802.41,17070860.9,17036831.65,17070860.9,17036831.65
171,16948035.84,17968913.22,18479351.91,18224132.56,18479351.91,18224132.56,,,17492503.78,17764737.75,17628620.76,17764737.75,17764737.75,,,17084152.83,17152211.32,17118182.07,17152211.32,17118182.07
172,17287530.52,18308407.89,18818846.58,18563627.24,18818846.58,18563627.24,,,17831998.45,18104232.42,17968115.43,18104232.42,18104232.42,,,17423647.5,17491705.99,17457676.75,17491705.99,17457676.75
173,17493950.56,18514827.93,19025266.62,18770047.28,19025266.62,18770047.28,,,18038418.49,18310652.46,18174535.48,18310652.46,18310652.46,,,17630067.54,17698126.03,17664096.79,17698126.03,17664096.79
174,17671298.6,18692175.98,19202614.67,18947395.32,19202614.67,18947395.32,,,18215766.54,18488000.5,18351883.52,18488000.5,18488000.5,,,17807415.59,17875474.08,17841444.83,17875474.08,17841444.83
175,17935544.06,18956421.43,19466860.12,19211640.78,19466860.12,19211640.78,,,18480011.99,18752245.96,18616128.97,18752245.96,18752245.96,,,18071661.04,18139719.53,18105690.29,18139719.53,18105690.29
176,18148194.55,19169071.93,19679510.62,19424291.27,19679510.62,19424291.27,,,18692662.49,18964896.45,18828779.47,18964896.45,18964896.45,,,18284311.54,18352370.03,18318340.78,18352370.03,18318340.78
177,18469893.38,19490770.75,20001209.44,19745990.1,20001209.44,19745990.1,,,19014361.31,19286595.28,19150478.3,19286595.28,19286595.28,,,18606010.36,18674068.85,18640039.61,18674068.85,18640039.61
178,18702611.76,19723489.14,20233927.82,19978708.48,20233927.82,19978708.48,,,19247079.69,19519313.66,19383196.68,19519313.66,19519313.66,,,18838728.74,18906787.24,18872757.99,18906787.24,18872757.99
179,18981496.59,20002373.96,20512812.65,20257593.31,20512812.65,20257593.31,,,19525964.52,19798198.49,19662081.5,19798198.49,19798198.49,,,19117613.57,19185672.06,19151642.82,19185672.06,19151642.82
180,19230423.21,20251300.58,20761739.27,20506519.93,20761739.27,20506519.93,,,19774891.14,20047125.11,19911008.12,20047125.11,20047125.11,,,19366540.19,19434598.68,19400569.44,19434598.68,19400569.44
181,19501331.89,20522209.26,21032647.95,20777428.61,21032647.95,20777428.61,,,20045799.82,20318033.79,20181916.8,20318033.79,20318033.79,,,19637448.87,19705507.36,19671478.12,19705507.36,19671478.12
182,19731794.9,20752672.27,21263110.96,21007891.62,21263110.96,21007891.62,,,20276262.83,20548496.8,20412379.82,20548496.8,20548496.8,,,19867911.88,19935970.37,19901941.13,19935970.37,19901941.13
183,20054734.73,21075612.1,21586050.79,21330831.45,21586050.79,21330831.45,,,20599202.66,20871436.63,20735319.65,20871436.63,20871436.63,,,20190851.71,20258910.2,20224880.96,20258910.2,20224880.96
184,20261284.69,21282162.07,21792600.75,21537381.41,21792600.75,21537381.41,,,20805752.62,21077986.59,20941869.61,21077986.59,21077986.59,,,20397401.67,20465460.17,20431430.92,20465460.17,20431430.92
185,20547596.01,21568473.39,22078912.07,21823692.73,22078912.07,21823692.73,,,21092063.94,21364297.91,21228180.93,21364297.91,21364297.91,,,20683712.99,20751771.49,20717742.24,20751771.49,20717742.24
186,20805998.1,21826875.47,22337314.16,22082094.82,22337314.16,22082094.82,,,21350466.03,21622700,21486583.02,21622700,21622700,,,20942115.08,21010173.57,20976144.33,21010173.57,20976144.33
187,21131307.47,22152184.84,22662623.53,22407404.19,22662623.53,22407404.19,,,21675775.4,21948009.37,21811892.38,21948009.37,21948009.37,,,21267424.45,21335482.94,21301453.7,21335482.94,21301453.7
188,21437247.46,22458124.84,22968563.53,22713344.18,22968563.53,22713344.18,,,21981715.4,22253949.36,22117832.38,22253949.36,22253949.36,,,21573364.45,21641422.94,21607393.69,21641422.94,21607393.69
189,21707857.74,22728735.12,23239173.81,22983954.46,23239173.81,22983954.46,,,22252325.68,22524559.65,22388442.66,22524559.65,22524559.65,,,21843974.73,21912033.22,21878003.97,21912033.22,21878003.97
190,22052452.43,23073329.81,23583768.49,23328549.15,23284398.78,23328549.15,,,22596920.36,22869154.33,22733037.35,22869154.33,22869154.33,,,22188569.41,22256627.91,22222598.66,22256627.91,22222598.66
191,22301726.89,23322604.27,23833042.95,23577823.61,23284398.78,23577823.61,,,22846194.82,23118428.79,22982311.81,22898109.48,22898109.48,,,22437843.87,22505902.37,22471873.12,22505902.37,22471873.12
192,22677790.17,23698667.54,24209106.23,23953886.89,23284398.78,23953886.89,,,23222258.1,23494492.07,23358375.08,22898109.48,22898109.48,,,22813907.15,22881965.64,22847936.4,22677790.17,22847936.4
193,23042993.49,24063870.87,24574309.56,24319090.21,23284398.78,24319090.21,,,23587461.43,23859695.39,23723578.41,23042993.49,23042993.49,,,23179110.48,23247168.97,23213139.72,23042993.49,23213139.72
194,23373434.04,24394311.41,24904750.1,24649530.76,23373434.04,24649530.76,,,23917901.97,24190135.94,24054018.95,23373434.04,23373434.04,,,23509551.02,23577609.51,23543580.26,23373434.04,23543580.26
195,23633847.89,24654725.26,25165163.95,24909944.6,23633847.89,24909944.6,,,24178315.82,24450549.79,24314432.8,23633847.89,23633847.89,,,23769964.87,23838023.36,23803994.11,23633847.89,23803994.11
196,23968868.67,24989746.04,25500184.73,25244965.39,23968868.67,25244965.39,,,24513336.6,24785570.57,24649453.58,23968868.67,23968868.67,,,24104985.65,24173044.14,24139014.9,23968868.67,24139014.9
197,24175561.36,25196438.74,25706877.42,25451658.08,24175561.36,25451658.08,,,24720029.29,24992263.26,24856146.28,24175561.36,24175561.36,,,24311678.34,24379736.83,24345707.59,24175561.36,24345707.59
198,24574465.8,25595343.17,26105781.86,25850562.52,24574465.8,25850562.52,,,25118933.73,25391167.7,25255050.71,24574465.8,24574465.8,,,24710582.78,24778641.27,24744612.03,24574465.8,24744612.03
199,24927874.06,25948751.44,26459190.13,26203970.78,24927874.06,26203970.78,,,25472342,25744575.96,25608458.98,24927874.06,24927874.06,,,25063991.05,25132049.54,25098020.29,24927874.06,25098020.29
200,25256385.63,26277263.01,26787701.69,26532482.35,25256385.63,26532482.35,,,25800853.56,26073087.53,25936970.55,25256385.63,25256385.63,,,25392502.61,25460561.11,25426531.86,25256385.63,25426531.86
201,25482124.07,26503001.45,27013440.14,26758220.79,25482124.07,26758220.79,,,26026592.01,26298825.97,26162708.99,25482124.07,25482124.07,,,25618241.06,25686299.55,25652270.3,25482124.07,25652270.3
202,25839706.58,26860583.96,27371022.65,27115803.3,25839706.58,27115803.3,,,26384174.52,26656408.48,26520291.5,25839706.58,25839706.58,,,25975823.57,26043882.06,26009852.81,25839706.58,26009852.81
203,26269577.94,27290455.32,27800894.01,27545674.66,26269577.94,27545674.66,,,26814045.88,27086279.84,26950162.86,26269577.94,26269577.94,,,26405694.93,26473753.42,26439724.17,26269577.94,26439724.17
204,26781467.54,27802344.91,28312783.6,28057564.26,26781467.54,28057564.26,,,27325935.47,27598169.44,27462052.46,26781467.54,26781467.54,,,26917584.52,26985643.01,26951613.77,26781467.54,26951613.77
205,27297422.68,28318300.05,28828738.74,28573519.4,27297422.68,28573519.4,,,27841890.61,28114124.58,27978007.59,27297422.68,27297422.68,,,27433539.66,27501598.15,27467568.91,27297422.68,27467568.91
206,27613563.69,28634441.07,29144879.75,28889660.41,27613563.69,28889660.41,,,28158031.62,28430265.59,28294148.61,27613563.69,27613563.69,,,27749680.67,27817739.17,27783709.92,27613563.69,27783709.92
207,28146365.74,29167243.12,29677681.8,29422462.46,28146365.74,29422462.46,,,28690833.67,28963067.64,28826950.66,28146365.74,28146365.74,,,28282482.72,28350541.21,28316511.97,28146365.74,28316511.97
208,28605386.07,29626263.45,30136702.13,29881482.79,28605386.07,29881482.79,,,29149854,29422087.97,29285970.99,28605386.07,28605386.07,,,28741503.05,28809561.54,28775532.3,28605386.07,28775532.3
209,29027040.76,30047918.13,30558356.82,30303137.48,29027040.76,30303137.48,,,29571508.69,29843742.66,29707625.67,29027040.76,29027040.76,,,29163157.74,29231216.23,29197186.99,29027040.76,29197186.99
210,29572412.28,30593289.65,31103728.34,30848509,29572412.28,30740112.5,,,30116880.21,30389114.18,30252997.19,29572412.28,29572412.28,,,29708529.26,29776587.75,29742558.51,29572412.28,29742558.51
211,29899508.36,30920385.74,31430824.42,31175605.08,29899508.36,30740112.5,,,30443976.29,30716210.26,30580093.28,29899508.36,29899508.36,,,30035625.34,30103683.84,30069654.59,29899508.36,30069654.59
212,30255820.84,31276698.22,31787136.91,31531917.56,30255820.84,30740112.5,,,30800288.78,31072522.75,30936405.76,30255820.84,30255820.84,,,30391937.83,30459996.32,30425967.07,30255820.84,30255820.84
213,30744835.08,31765712.45,31978926.44,32020931.8,30744835.08,30744835.08,,,31289303.01,31561536.98,31425420,30744835.08,30744835.08,,,30880952.06,30949010.55,30914981.31,30744835.08,30744835.08
214,31115642.25,32136519.63,31978926.44,32391738.97,31115642.25,31115642.25,,,31660110.18,31932344.15,31796227.17,31115642.25,31115642.25,,,31251759.23,31319817.72,31285788.48,31115642.25,31115642.25
215,31562858.47,32583735.85,31978926.44,32838955.19,31562858.47,31562858.47,,,32107326.41,32190477.42,32243443.39,31562858.47,31562858.47,,,31698975.46,31767033.95,31733004.7,31562858.47,31562858.47
216,32055724.76,33076602.14,31978926.44,33310407.14,32055724.76,32055724.76,,,32600192.7,32190477.42,32736309.68,32055724.76,32055724.76,,,32191841.75,32218220.87,32225870.99,32055724.76,32055724.76
217,32580529.58,33601406.96,31978926.44,33310407.14,32580529.58,32580529.58,,,33124997.52,32190477.42,33261114.5,32580529.58,32580529.58,,,32716646.57,32376354.11,32750675.81,32580529.58,32580529.58
218,32792678.01,33813555.39,31978926.44,33310407.14,32792678.01,32792678.01,,,33337145.94,32190477.42,33414651.89,32792678.01,32792678.01,,,32928794.99,32588502.54,32962824.24,32792678.01,32792678.01
219,33127354.99,34148232.37,31978926.44,33310407.14,33127354.99,33127354.99,,,33671822.93,32310653.09,33414651.89,33127354.99,33127354.99,,,33263471.98,32923179.52,33297501.22,33127354.99,33127354.99
220,33357580.59,34378457.96,31978926.44,33310407.14,33357580.59,33357580.59,,,33902048.52,32540878.69,33414651.89,33357580.59,33357580.59,,,33493697.57,33153405.11,33445325.1,33357580.59,33357580.59
221,33553999.37,34574876.75,32022683.31,33310407.14,33553999.37,33553999.37,,,34098467.31,32737297.47,33414651.89,33553999.37,33553999.37,,,33690116.36,33349823.9,33445325.1,33553999.37,33553999.37
222,33733263.67,34754141.05,32201947.61,33310407.14,33733263.67,33733263.67,,,34277731.6,32916561.77,33414651.89,33733263.67,33733263.67,,,33869380.65,33529088.19,33563117.44,33733263.67,33733263.67
223,33919889.76,34940767.13,32388573.7,33310407.14,33919889.76,33919889.76,,,34464357.69,33103187.86,33414651.89,33919889.76,33919889.76,,,34056006.74,33715714.28,33749743.53,33919889.76,33919889.76
224,34140075.33,35160952.71,32608759.27,33310407.14,34140075.33,34140075.33,,,34684543.26,33323373.43,33459490.41,34140075.33,34140075.33,,,34276192.31,33935899.85,33969929.1,34140075.33,34140075.33
225,34238986.78,35259864.16,32707670.72,33310407.14,34238986.78,34238986.78,,,34783454.71,33422284.88,33558401.86,34238986.78,34238986.78,,,34375103.76,34034811.3,34068840.55,34238986.78,34238986.78
226,34327249.78,35348127.15,32795933.71,33310407.14,34327249.78,34327249.78,,,34871717.71,33510547.87,33646664.86,34327249.78,34327249.78,,,34463366.76,34123074.3,34157103.55,34327249.78,34327249.78
227,34324417.5,35345294.88,32793101.44,33310407.14,34324417.5,34324417.5,,,34868885.44,33507715.6,33643832.59,34324417.5,34324417.5,,,34460534.49,34120242.03,34154271.28,34324417.5,34324417.5
228,34408049.59,35428926.96,32876733.52,33310407.14,34408049.59,34408049.59,,,34952517.52,33591347.69,33727464.67,34408049.59,34408049.59,,,34544166.57,34203874.11,34237903.36,34408049.59,34408049.59
229,34343580.43,35364457.81,32812264.37,33310407.14,34343580.43,34343580.43,,,34888048.36,33526878.53,33662995.51,34343580.43,34343580.43,,,34479697.41,34139404.96,34173434.2,34343580.43,34343580.43
230,34177993.87,35198871.25,32646677.81,33310407.14,34177993.87,34177993.87,,,34722461.81,33361291.97,33497408.96,34177993.87,34177993.87,,,34314110.86,33973818.4,34007847.64,34177993.87,34177993.87
231,34090409.97,35111287.35,32559093.91,33310407.14,34090409.97,34090409.97,,,34634877.91,33273708.07,33414651.89,34090409.97,34090409.97,,,34226526.96,33886234.5,33920263.74,34090409.97,34090409.97
232,33946238.95,34967116.33,32414922.89,33310407.14,33946238.95,33946238.95,,,34490706.88,33129537.05,33414651.89,33946238.95,33946238.95,,,34082355.93,33742063.47,33776092.72,33946238.95,33946238.95
233,33831506.59,34852383.97,32300190.53,33310407.14,33831506.59,33831506.59,,,34375974.53,33014804.69,33414651.89,33831506.59,33831506.59,,,33967623.58,33627331.12,33661360.36,33831506.59,33831506.59
234,33663107.9,34683985.27,32131791.83,33310407.14,33663107.9,33663107.9,,,34207575.83,32846406,33414651.89,33663107.9,33663107.9,,,33799224.88,33458932.42,33492961.67,33663107.9,33663107.9
235,33543093.86,34563971.23,32011777.8,33310407.14,33543093.86,33543093.86,,,34087561.79,32726391.96,33414651.89,33543093.86,33543093.86,,,33679210.84,33338918.38,33445325.1,33543093.86,33543093.86
236,33400407.44,34421284.82,31978926.44,33310407.14,33400407.44,33400407.44,,,33944875.37,32583705.54,33414651.89,33400407.44,33400407.44,,,33536524.42,33196231.96,33445325.1,33400407.44,33400407.44
237,33367411.19,34388288.57,31978926.44,33310407.14,33367411.19,33367411.19,,,33911879.12,32550709.29,33414651.89,33367411.19,33367411.19,,,33503528.17,33163235.72,33445325.1,33367411.19,33367411.19
238,33283352.76,34304230.14,31978926.44,33310407.14,33283352.76,33283352.76,,,33827820.7,32466650.86,33414651.89,33283352.76,33283352.76,,,33419469.75,33079177.29,33445325.1,33283352.76,33283352.76
239,33343270.65,34364148.03,31978926.44,33310407.14,33343270.65,33343270.65,,,33887738.59,32526568.75,33414651.89,33343270.65,33343270.65,,,33479387.64,33139095.18,33445325.1,33343270.65,33343270.65
240,33277031.82,34297909.19,31978926.44,33310407.14,33277031.82,33277031.82,,,33821499.75,32460329.92,33414651.89,33277031.82,33277031.82,,,33413148.8,33072856.34,33445325.1,33277031.82,33277031.82
241,33361119.83,34381997.21,31978926.44,33310407.14,33361119.83,33361119.83,,,33905587.77,32544417.93,33414651.89,33361119.83,33361119.83,,,33497236.82,33156944.36,33445325.1,33361119.83,33361119.83
242,33349239.81,34370117.18,31978926.44,33310407.14,33349239.81,33349239.81,,,33893707.74,32532537.91,33414651.89,33349239.81,33349239.81,,,33485356.79,33145064.33,33445325.1,33349239.81,33349239.81
243,33322689.58,34343566.95,31978926.44,33310407.14,33322689.58,33322689.58,,,33867157.51,32505987.67,33414651.89,33322689.58,33322689.58,,,33458806.56,33118514.1,33445325.1,33322689.58,33322689.58
244,33311954.12,34332831.5,31978926.44,33310407.14,33311954.12,33311954.12,,,33856422.06,32495252.22,33414651.89,33311954.12,33311954.12,,,33448071.11,33107778.65,33445325.1,33311954.12,33311954.12
245,33388258.91,34409136.28,31978926.44,33310407.14,33388258.91,33388258.91,,,33932726.84,32571557.01,33414651.89,33388258.91,33388258.91,,,33524375.89,33184083.43,33445325.1,33388258.91,33388258.91
246,33438063.44,34458940.82,31978926.44,33310407.14,33438063.44,33438063.44,,,33982531.38,32621361.54,33414651.89,33438063.44,33438063.44,,,33574180.43,33233887.97,33445325.1,33438063.44,33438063.44
247,33465342.74,34486220.12,31978926.44,33310407.14,33465342.74,33465342.74,,,34009810.67,32648640.84,33414651.89,33465342.74,33465342.74,,,33601459.72,33261167.26,33445325.1,33465342.74,33465342.74
248,33444682.26,34465559.63,31978926.44,33310407.14,33444682.26,33444682.26,,,33989150.19,32627980.36,33414651.89,33444682.26,33444682.26,,,33580799.24,33240506.78,33445325.1,33444682.26,33444682.26
249,33507999.98,34528877.35,31978926.44,33310407.14,33507999.98,33507999.98,,,34052467.91,32691298.08,33414651.89,33507999.98,33507999.98,,,33644116.96,33303824.5,33445325.1,33507999.98,33507999.98
250,33558713.73,34579591.1,32027397.67,33310407.14,33558713.73,33558713.73,,,34103181.66,32742011.83,33414651.89,33558713.73,33558713.73,,,33694830.71,33354538.25,33445325.1,33558713.73,33558713.73
251,33706548.85,34727426.22,32175232.78,33310407.14,33706548.85,33706548.85,,,34251016.78,32889846.95,33414651.89,33706548.85,33706548.85,,,33842665.83,33502373.37,33536402.62,33706548.85,33706548.85
252,33735591.58,34756468.96,32204275.52,33310407.14,33735591.58,33735591.58,,,34280059.52,32918889.68,33414651.89,33735591.58,33735591.58,,,33871708.57,33531416.11,33565445.36,33735591.58,33735591.58
253,33753339.8,34774217.18,32222023.74,33310407.14,33753339.8,33753339.8,,,34297807.74,32936637.9,33414651.89,33753339.8,33753339.8,,,33889456.79,33549164.33,33583193.57,33753339.8,33753339.8
254,33791323.44,34812200.81,32260007.37,33310407.14,33791323.44,33791323.44,,,34335791.37,32974621.54,33414651.89,33791323.44,33791323.44,,,33927440.42,33587147.96,33621177.21,33791323.44,33791323.44
255,33882131.18,34903008.56,32350815.12,33310407.14,33882131.18,33882131.18,,,34426599.12,33065429.28,33414651.89,33882131.18,33882131.18,,,34018248.17,33677955.71,33711984.95,33882131.18,33882131.18
256,33835403.33,34856280.7,32304087.26,33310407.14,33835403.33,33835403.33,,,34379871.26,33018701.43,33414651.89,33835403.33,33835403.33,,,33971520.31,33631227.85,33665257.1,33835403.33,33835403.33
257,33821253.2,34842130.58,32289937.14,33310407.14,33821253.2,33821253.2,,,34365721.14,33004551.3,33414651.89,33821253.2,33821253.2,,,33957370.19,33617077.73,33651106.97,33821253.2,33821253.2
258,33687290.8,34708168.17,32155974.73,33310407.14,33687290.8,33687290.8,,,34231758.73,32870588.9,33414651.89,33687290.8,33687290.8,,,33823407.78,33483115.32,33517144.57,33687290.8,33687290.8
259,33572015.44,34592892.82,32040699.38,33310407.14,33572015.44,33572015.44,,,34116483.37,32755313.54,33414651.89,33572015.44,33572015.44,,,33708132.42,33367839.97,33445325.1,33572015.44,33572015.44
260,33311631.11,34332508.48,31978926.44,33310407.14,33311631.11,33311631.11,,,33856099.04,32494929.21,33414651.89,33311631.11,33311631.11,,,33447748.09,33107455.63,33445325.1,33311631.11,33311631.11
261,33161504.66,34182382.04,31978926.44,33310407.14,33161504.66,33161504.66,,,33705972.6,32344802.76,33414651.89,33161504.66,33161504.66,,,33297621.65,32957329.19,33331650.89,33161504.66,33161504.66
262,32931352,33952229.37,31978926.44,33310407.14,32931352,32931352,,,33475819.93,32190477.42,33414651.89,32931352,32931352,,,33067468.98,32727176.52,33101498.23,32931352,32931352
263,32659274.55,33680151.93,31978926.44,33310407.14,32659274.55,32659274.55,,,33203742.49,32190477.42,33339859.47,32659274.55,32659274.55,,,32795391.54,32455099.08,32829420.78,32659274.55,32659274.55
264,32325684.65,33346562.02,31978926.44,33310407.14,32325684.65,32325684.65,,,32870152.58,32190477.42,33006269.57,32325684.65,32325684.65,,,32461801.63,32218220.87,32495830.88,32325684.65,32325684.65
265,32069077.73,33089955.1,31978926.44,33310407.14,32069077.73,32069077.73,,,32613545.66,32190477.42,32749662.65,32069077.73,32069077.73,,,32205194.71,32218220.87,32239223.96,32069077.73,32069077.73
266,31553818.89,32574696.26,31978926.44,32829915.61,31553818.89,31553818.89,,,32098286.82,32190477.42,32234403.8,31553818.89,31553818.89,,,31689935.87,31757994.36,31723965.12,31553818.89,31553818.89
267,31105873.53,32126750.9,31978926.44,32381970.25,31105873.53,31105873.53,,,31650341.46,31922575.43,31786458.44,31105873.53,31105873.53,,,31241990.51,31310049,31276019.76,31105873.53,31105873.53
268,30600215.1,31621092.48,31978926.44,31876311.82,30600215.1,30740112.5,,,31144683.04,31416917,31280800.02,30600215.1,30600215.1,,,30736332.09,30804390.58,30770361.33,30600215.1,30600215.1
269,30107285.83,31128163.21,31638601.89,31383382.55,30107285.83,30740112.5,,,30651753.76,30923987.73,30787870.75,30107285.83,30107285.83,,,30243402.81,30311461.31,30277432.06,30107285.83,30175344.32
270,29666703.71,30687581.09,31198019.78,30942800.43,29666703.71,30740112.5,,,30211171.65,30483405.62,30347288.63,29666703.71,29666703.71,,,29802820.7,29870879.19,29836849.94,29666703.71,29836849.94
271,29218834.75,30239712.13,30750150.82,30494931.47,29218834.75,30494931.47,,,29763302.69,30035536.65,29899419.67,29218834.75,29218834.75,,,29354951.74,29423010.23,29388980.98,29218834.75,29388980.98
272,28698642.02,29719519.4,30229958.09,29974738.74,28698642.02,29974738.74,,,29243109.96,29515343.92,29379226.94,28698642.02,28698642.02,,,28834759.01,28902817.5,28868788.25,28698642.02,28868788.25
273,28231431.58,29252308.95,29762747.64,29507528.3,28231431.58,29507528.3,,,28775899.51,29048133.48,28912016.49,28231431.58,28231431.58,,,28367548.56,28435607.05,28401577.81,28231431.58,28401577.81
274,27732522.67,28753400.05,29263838.74,29008619.39,27732522.67,29008619.39,,,28276990.61,28549224.58,28413107.59,27732522.67,27732522.67,,,27868639.66,27936698.15,27902668.9,27732522.67,27902668.9
275,27243775.02,28264652.4,28775091.09,28519871.74,27243775.02,28519871.74,,,27788242.96,28060476.92,27924359.94,27243775.02,27243775.02,,,27379892.01,27447950.5,27413921.25,27243775.02,27413921.25
276,26994478.5,28015355.87,28525794.56,28270575.22,26994478.5,28270575.22,,,27538946.43,27811180.4,27675063.41,26994478.5,26994478.5,,,27130595.48,27198653.97,27164624.73,26994478.5,27164624.73
277,26429649.92,27450527.29,27960965.98,27705746.63,26429649.92,27705746.63,,,26974117.85,27246351.82,27110234.83,26429649.92,26429649.92,,,26565766.9,26633825.39,26599796.14,26429649.92,26599796.14
278,26026931.05,27047808.43,27558247.11,27303027.77,26026931.05,27303027.77,,,26571398.98,26843632.95,26707515.97,26026931.05,26026931.05,,,26163048.03,26231106.52,26197077.28,26026931.05,26197077.28
279,25676590.68,26697468.05,27207906.74,26952687.4,25676590.68,26952687.4,,,26221058.61,26493292.58,26357175.6,25676590.68,25676590.68,,,25812707.66,25880766.15,25846736.91,25676590.68,25846736.91
280,25307774.28,26328651.66,26839090.35,26583871,25307774.28,26583871,,,25852242.22,26124476.18,25988359.2,25307774.28,25307774.28,,,25443891.27,25511949.76,25477920.51,25307774.28,25477920.51
281,24977044.87,25997922.24,26508360.93,26253141.59,24977044.87,26253141.59,,,25521512.8,25793746.77,25657629.78,24977044.87,24977044.87,,,25113161.85,25181220.34,25147191.1,24977044.87,25147191.1
282,24601478.79,25622356.17,26132794.86,25877575.51,24601478.79,25877575.51,,,25145946.73,25418180.69,25282063.71,24601478.79,24601478.79,,,24737595.78,24805654.27,24771625.02,24601478.79,24771625.02
283,24354580.74,25375458.11,25885896.8,25630677.46,24354580.74,25630677.46,,,24899048.67,25171282.64,25035165.66,24354580.74,24354580.74,,,24490697.72,24558756.21,24524726.97,24354580.74,24524726.97
284,24183729.93,25204607.3,25715045.99,25459826.64,24183729.93,25459826.64,,,24728197.86,25000431.83,24864314.84,24183729.93,24183729.93,,,24319846.91,24387905.4,24353876.15,24183729.93,24353876.15
285,23886289.6,24907166.98,25417605.66,25162386.32,23886289.6,25162386.32,,,24430757.53,24702991.5,24566874.52,23886289.6,23886289.6,,,24022406.58,24090465.07,24056435.83,23886289.6,24056435.83
286,23688801.78,24709679.15,25220117.84,24964898.5,23688801.78,24964898.5,,,24233269.71,24505503.68,24369386.69,23688801.78,23688801.78,,,23824918.76,23892977.25,23858948.01,23688801.78,23858948.01
287,23534450.01,24555327.39,25065766.07,24810546.73,23534450.01,24810546.73,,,24078917.94,24351151.91,24215034.93,23534450.01,23534450.01,,,23670566.99,23738625.49,23704596.24,23534450.01,23704596.24